"useid","roomid","devicename","deviceid","dataid","data1","technology","starttime","endtime","roomid-2","locationid","name","type","floor","capacity","priority","processoraddress","maintenance_mode","status","createdat","lastmodifiedat","duration"
"75376","juvysfrf_1105","Receiver","DM-RMC-4K-SCALER-C_01","Sync_State","Connected","Presentation","2019-09-05 14:51:51.987+00","2019-09-05 14:56:54.036+00","juvysfrf_1105","Aviva_juvysfrf","Meeting Room","P3W","11th_floor","3-6",2,"00107FA554D2",NULL,"online","2019-04-12 22:05:43.494+00","2019-04-12 22:05:43.494+00","00:05:02.049"
"50585","juvysfrf_1105","Receiver","DM-RMC-4K-SCALER-C_01","Sync_State","Connected","Presentation","2019-08-08 17:08:39.657+00","2019-08-08 18:18:45.299+00","juvysfrf_1105","Aviva_juvysfrf","Meeting Room","P3W","11th_floor","3-6",2,"00107FA554D2",NULL,"online","2019-04-12 22:05:43.494+00","2019-04-12 22:05:43.494+00","01:10:05.642"
"48749","juvysfrf_1105","Receiver","DM-RMC-4K-SCALER-C_01","Sync_State","Connected","Presentation","2019-08-06 19:34:11.737+00","2019-08-06 20:04:13.674+00","juvysfrf_1105","Aviva_juvysfrf","Meeting Room","P3W","11th_floor","3-6",2,"00107FA554D2",NULL,"online","2019-04-12 22:05:43.494+00","2019-04-12 22:05:43.494+00","00:30:01.937"
"49729","juvysfrf_1105","Receiver","DM-RMC-4K-SCALER-C_01","Sync_State","Connected","Presentation","2019-08-07 18:36:26.889+00","2019-08-07 19:01:28.071+00","juvysfrf_1105","Aviva_juvysfrf","Meeting Room","P3W","11th_floor","3-6",2,"00107FA554D2",NULL,"online","2019-04-12 22:05:43.494+00","2019-04-12 22:05:43.494+00","00:25:01.182"
"55337","juvysfrf_1105","Receiver","DM-RMC-4K-SCALER-C_01","Sync_State","Connected","Presentation","2019-08-14 19:02:54.799+00","2019-08-14 20:33:03.704+00","juvysfrf_1105","Aviva_juvysfrf","Meeting Room","P3W","11th_floor","3-6",2,"00107FA554D2",NULL,"online","2019-04-12 22:05:43.494+00","2019-04-12 22:05:43.494+00","01:30:08.905"
"49392","juvysfrf_1105","Receiver","DM-RMC-4K-SCALER-C_01","Sync_State","Connected","Presentation","2019-08-07 16:41:15.477+00","2019-08-07 16:51:15.317+00","juvysfrf_1105","Aviva_juvysfrf","Meeting Room","P3W","11th_floor","3-6",2,"00107FA554D2",NULL,"online","2019-04-12 22:05:43.494+00","2019-04-12 22:05:43.494+00","00:09:59.84"
"50373","juvysfrf_1105","Receiver","DM-RMC-4K-SCALER-C_01","Sync_State","Connected","Presentation","2019-08-08 15:03:25.622+00","2019-08-08 15:33:27.794+00","juvysfrf_1105","Aviva_juvysfrf","Meeting Room","P3W","11th_floor","3-6",2,"00107FA554D2",NULL,"online","2019-04-12 22:05:43.494+00","2019-04-12 22:05:43.494+00","00:30:02.172"
"56549","juvysfrf_1105","Receiver","DM-RMC-4K-SCALER-C_01","Sync_State","Connected","Presentation","2019-08-15 17:25:05.04+00","2019-08-15 17:55:08.194+00","juvysfrf_1105","Aviva_juvysfrf","Meeting Room","P3W","11th_floor","3-6",2,"00107FA554D2",NULL,"online","2019-04-12 22:05:43.494+00","2019-04-12 22:05:43.494+00","00:30:03.154"
"54961","juvysfrf_1105","Receiver","DM-RMC-4K-SCALER-C_01","Sync_State","Connected","Presentation","2019-08-14 16:42:41.408+00","2019-08-14 17:02:42.625+00","juvysfrf_1105","Aviva_juvysfrf","Meeting Room","P3W","11th_floor","3-6",2,"00107FA554D2",NULL,"online","2019-04-12 22:05:43.494+00","2019-04-12 22:05:43.494+00","00:20:01.217"
"55560","juvysfrf_1105","Receiver","DM-RMC-4K-SCALER-C_01","Sync_State","Connected","Presentation","2019-08-14 20:08:00.323+00","2019-08-14 20:33:03.704+00","juvysfrf_1105","Aviva_juvysfrf","Meeting Room","P3W","11th_floor","3-6",2,"00107FA554D2",NULL,"online","2019-04-12 22:05:43.494+00","2019-04-12 22:05:43.494+00","00:25:03.381"
"50164","juvysfrf_1105","Receiver","DM-RMC-4K-SCALER-C_01","Sync_State","Connected","Presentation","2019-08-08 13:33:18.104+00","2019-08-08 15:33:27.794+00","juvysfrf_1105","Aviva_juvysfrf","Meeting Room","P3W","11th_floor","3-6",2,"00107FA554D2",NULL,"online","2019-04-12 22:05:43.494+00","2019-04-12 22:05:43.494+00","02:00:09.69"
"50515","juvysfrf_1105","Receiver","DM-RMC-4K-SCALER-C_01","Sync_State","Connected","Presentation","2019-08-08 16:08:33.067+00","2019-08-08 17:03:37.603+00","juvysfrf_1105","Aviva_juvysfrf","Meeting Room","P3W","11th_floor","3-6",2,"00107FA554D2",NULL,"online","2019-04-12 22:05:43.494+00","2019-04-12 22:05:43.494+00","00:55:04.536"
"49089","juvysfrf_1105","Receiver","DM-RMC-4K-SCALER-C_01","Sync_State","Connected","Presentation","2019-08-07 14:01:00.067+00","2019-08-07 14:31:01.211+00","juvysfrf_1105","Aviva_juvysfrf","Meeting Room","P3W","11th_floor","3-6",2,"00107FA554D2",NULL,"online","2019-04-12 22:05:43.494+00","2019-04-12 22:05:43.494+00","00:30:01.144"
"50992","juvysfrf_1105","Receiver","DM-RMC-4K-SCALER-C_01","Sync_State","Connected","Presentation","2019-08-08 20:18:57.007+00","2019-08-08 20:28:57.697+00","juvysfrf_1105","Aviva_juvysfrf","Meeting Room","P3W","11th_floor","3-6",2,"00107FA554D2",NULL,"online","2019-04-12 22:05:43.494+00","2019-04-12 22:05:43.494+00","00:10:00.69"
"49954","juvysfrf_1105","Receiver","DM-RMC-4K-SCALER-C_01","Sync_State","Connected","Presentation","2019-08-07 20:31:37.885+00","2019-08-07 21:11:40.205+00","juvysfrf_1105","Aviva_juvysfrf","Meeting Room","P3W","11th_floor","3-6",2,"00107FA554D2",NULL,"online","2019-04-12 22:05:43.494+00","2019-04-12 22:05:43.494+00","00:40:02.32"
"54597","juvysfrf_1105","Receiver","DM-RMC-4K-SCALER-C_01","Sync_State","Connected","Presentation","2019-08-14 14:02:25.055+00","2019-08-14 15:07:31.516+00","juvysfrf_1105","Aviva_juvysfrf","Meeting Room","P3W","11th_floor","3-6",2,"00107FA554D2",NULL,"online","2019-04-12 22:05:43.494+00","2019-04-12 22:05:43.494+00","01:05:06.461"
"50205","juvysfrf_1105","Receiver","DM-RMC-4K-SCALER-C_01","Sync_State","Connected","Presentation","2019-08-08 13:48:19.795+00","2019-08-08 14:33:23.76+00","juvysfrf_1105","Aviva_juvysfrf","Meeting Room","P3W","11th_floor","3-6",2,"00107FA554D2",NULL,"online","2019-04-12 22:05:43.494+00","2019-04-12 22:05:43.494+00","00:45:03.965"
"52886","juvysfrf_1105","Receiver","DM-RMC-4K-SCALER-C_01","Sync_State","Connected","Presentation","2019-08-12 19:03:14.067+00","2019-08-13 12:54:57.07+00","juvysfrf_1105","Aviva_juvysfrf","Meeting Room","P3W","11th_floor","3-6",2,"00107FA554D2",NULL,"online","2019-04-12 22:05:43.494+00","2019-04-12 22:05:43.494+00","17:51:43.003"
"48853","juvysfrf_1105","Receiver","DM-RMC-4K-SCALER-C_01","Sync_State","Connected","Presentation","2019-08-06 21:04:19.838+00","2019-08-06 21:44:24.14+00","juvysfrf_1105","Aviva_juvysfrf","Meeting Room","P3W","11th_floor","3-6",2,"00107FA554D2",NULL,"online","2019-04-12 22:05:43.494+00","2019-04-12 22:05:43.494+00","00:40:04.302"
"51769","juvysfrf_1105","Receiver","DM-RMC-4K-SCALER-C_01","Sync_State","Connected","Presentation","2019-08-09 18:31:06.679+00","2019-08-09 18:36:07.863+00","juvysfrf_1105","Aviva_juvysfrf","Meeting Room","P3W","11th_floor","3-6",2,"00107FA554D2",NULL,"online","2019-04-12 22:05:43.494+00","2019-04-12 22:05:43.494+00","00:05:01.184"
"58000","juvysfrf_1105","Receiver","DM-RMC-4K-SCALER-C_01","Sync_State","Connected","Presentation","2019-08-16 18:22:32.148+00","2019-08-16 19:07:36.95+00","juvysfrf_1105","Aviva_juvysfrf","Meeting Room","P3W","11th_floor","3-6",2,"00107FA554D2",NULL,"online","2019-04-12 22:05:43.494+00","2019-04-12 22:05:43.494+00","00:45:04.802"
"53476","juvysfrf_1105","Receiver","DM-RMC-4K-SCALER-C_01","Sync_State","Connected","Presentation","2019-08-13 14:40:08.657+00","2019-08-13 14:55:08.97+00","juvysfrf_1105","Aviva_juvysfrf","Meeting Room","P3W","11th_floor","3-6",2,"00107FA554D2",NULL,"online","2019-04-12 22:05:43.494+00","2019-04-12 22:05:43.494+00","00:15:00.313"
"50851","juvysfrf_1105","Receiver","DM-RMC-4K-SCALER-C_01","Sync_State","Connected","Presentation","2019-08-08 19:03:50.892+00","2019-08-08 20:03:54.916+00","juvysfrf_1105","Aviva_juvysfrf","Meeting Room","P3W","11th_floor","3-6",2,"00107FA554D2",NULL,"online","2019-04-12 22:05:43.494+00","2019-04-12 22:05:43.494+00","01:00:04.024"
"47970","juvysfrf_1105","Receiver","DM-RMC-4K-SCALER-C_01","Sync_State","Connected","Presentation","2019-08-06 13:43:37.187+00","2019-08-06 13:48:36.366+00","juvysfrf_1105","Aviva_juvysfrf","Meeting Room","P3W","11th_floor","3-6",2,"00107FA554D2",NULL,"online","2019-04-12 22:05:43.494+00","2019-04-12 22:05:43.494+00","00:04:59.179"
"48021","juvysfrf_1105","Receiver","DM-RMC-4K-SCALER-C_01","Sync_State","Connected","Presentation","2019-08-06 14:03:39.122+00","2019-08-06 14:28:42.315+00","juvysfrf_1105","Aviva_juvysfrf","Meeting Room","P3W","11th_floor","3-6",2,"00107FA554D2",NULL,"online","2019-04-12 22:05:43.494+00","2019-04-12 22:05:43.494+00","00:25:03.193"
"55607","juvysfrf_1105","Receiver","DM-RMC-4K-SCALER-C_01","Sync_State","Connected","Presentation","2019-08-14 20:38:03.325+00","2019-08-14 21:03:06.103+00","juvysfrf_1105","Aviva_juvysfrf","Meeting Room","P3W","11th_floor","3-6",2,"00107FA554D2",NULL,"online","2019-04-12 22:05:43.494+00","2019-04-12 22:05:43.494+00","00:25:02.778"
"49252","juvysfrf_1105","Receiver","DM-RMC-4K-SCALER-C_01","Sync_State","Connected","Presentation","2019-08-07 15:06:05.234+00","2019-08-07 15:31:06.613+00","juvysfrf_1105","Aviva_juvysfrf","Meeting Room","P3W","11th_floor","3-6",2,"00107FA554D2",NULL,"online","2019-04-12 22:05:43.494+00","2019-04-12 22:05:43.494+00","00:25:01.379"
"52932","juvysfrf_1105","Receiver","DM-RMC-4K-SCALER-C_01","Sync_State","Connected","Presentation","2019-08-12 19:08:13.923+00","2019-08-13 12:54:57.07+00","juvysfrf_1105","Aviva_juvysfrf","Meeting Room","P3W","11th_floor","3-6",2,"00107FA554D2",NULL,"online","2019-04-12 22:05:43.494+00","2019-04-12 22:05:43.494+00","17:46:43.147"
"50239","juvysfrf_1105","Receiver","DM-RMC-4K-SCALER-C_01","Sync_State","Connected","Presentation","2019-08-08 14:03:19.697+00","2019-08-08 14:33:23.76+00","juvysfrf_1105","Aviva_juvysfrf","Meeting Room","P3W","11th_floor","3-6",2,"00107FA554D2",NULL,"online","2019-04-12 22:05:43.494+00","2019-04-12 22:05:43.494+00","00:30:04.063"
"48599","juvysfrf_1105","Receiver","DM-RMC-4K-SCALER-C_01","Sync_State","Connected","Presentation","2019-08-06 18:39:05.146+00","2019-08-06 18:54:06.766+00","juvysfrf_1105","Aviva_juvysfrf","Meeting Room","P3W","11th_floor","3-6",2,"00107FA554D2",NULL,"online","2019-04-12 22:05:43.494+00","2019-04-12 22:05:43.494+00","00:15:01.62"
"55027","juvysfrf_1105","Receiver","DM-RMC-4K-SCALER-C_01","Sync_State","Connected","Presentation","2019-08-14 17:07:44.209+00","2019-08-14 18:02:49.705+00","juvysfrf_1105","Aviva_juvysfrf","Meeting Room","P3W","11th_floor","3-6",2,"00107FA554D2",NULL,"online","2019-04-12 22:05:43.494+00","2019-04-12 22:05:43.494+00","00:55:05.496"
"52153","juvysfrf_1105","Receiver","DM-RMC-4K-SCALER-C_01","Sync_State","Connected","Presentation","2019-08-12 14:02:43.939+00","2019-08-12 14:27:46.085+00","juvysfrf_1105","Aviva_juvysfrf","Meeting Room","P3W","11th_floor","3-6",2,"00107FA554D2",NULL,"online","2019-04-12 22:05:43.494+00","2019-04-12 22:05:43.494+00","00:25:02.146"
"53701","juvysfrf_1105","Receiver","DM-RMC-4K-SCALER-C_01","Sync_State","Connected","Presentation","2019-08-13 16:05:16.791+00","2019-08-13 17:00:22.256+00","juvysfrf_1105","Aviva_juvysfrf","Meeting Room","P3W","11th_floor","3-6",2,"00107FA554D2",NULL,"online","2019-04-12 22:05:43.494+00","2019-04-12 22:05:43.494+00","00:55:05.465"
"55814","juvysfrf_1105","Receiver","DM-RMC-4K-SCALER-C_01","Sync_State","Connected","Presentation","2019-08-15 13:04:40.525+00","2019-08-15 13:19:41.04+00","juvysfrf_1105","Aviva_juvysfrf","Meeting Room","P3W","11th_floor","3-6",2,"00107FA554D2",NULL,"online","2019-04-12 22:05:43.494+00","2019-04-12 22:05:43.494+00","00:15:00.515"
"53319","juvysfrf_1105","Receiver","DM-RMC-4K-SCALER-C_01","Sync_State","Connected","Presentation","2019-08-13 14:00:06.281+00","2019-08-13 14:35:07.844+00","juvysfrf_1105","Aviva_juvysfrf","Meeting Room","P3W","11th_floor","3-6",2,"00107FA554D2",NULL,"online","2019-04-12 22:05:43.494+00","2019-04-12 22:05:43.494+00","00:35:01.563"
"51448","juvysfrf_1105","Receiver","DM-RMC-4K-SCALER-C_01","Sync_State","Connected","Presentation","2019-08-09 15:05:48.647+00","2019-08-09 15:50:51.756+00","juvysfrf_1105","Aviva_juvysfrf","Meeting Room","P3W","11th_floor","3-6",2,"00107FA554D2",NULL,"online","2019-04-12 22:05:43.494+00","2019-04-12 22:05:43.494+00","00:45:03.109"
"52387","juvysfrf_1105","Receiver","DM-RMC-4K-SCALER-C_01","Sync_State","Connected","Presentation","2019-08-12 15:17:52.037+00","2019-08-12 15:57:56.211+00","juvysfrf_1105","Aviva_juvysfrf","Meeting Room","P3W","11th_floor","3-6",2,"00107FA554D2",NULL,"online","2019-04-12 22:05:43.494+00","2019-04-12 22:05:43.494+00","00:40:04.174"
"56859","juvysfrf_1105","Receiver","DM-RMC-4K-SCALER-C_01","Sync_State","Connected","Presentation","2019-08-15 19:05:16.995+00","2019-08-15 20:20:22.155+00","juvysfrf_1105","Aviva_juvysfrf","Meeting Room","P3W","11th_floor","3-6",2,"00107FA554D2",NULL,"online","2019-04-12 22:05:43.494+00","2019-04-12 22:05:43.494+00","01:15:05.16"
"52971","juvysfrf_1105","Receiver","DM-RMC-4K-SCALER-C_01","Sync_State","Connected","Presentation","2019-08-12 19:23:15.306+00","2019-08-12 20:03:19.114+00","juvysfrf_1105","Aviva_juvysfrf","Meeting Room","P3W","11th_floor","3-6",2,"00107FA554D2",NULL,"online","2019-04-12 22:05:43.494+00","2019-04-12 22:05:43.494+00","00:40:03.808"
"54684","juvysfrf_1105","Receiver","DM-RMC-4K-SCALER-C_01","Sync_State","Connected","Presentation","2019-08-14 14:27:26.93+00","2019-08-14 15:07:31.516+00","juvysfrf_1105","Aviva_juvysfrf","Meeting Room","P3W","11th_floor","3-6",2,"00107FA554D2",NULL,"online","2019-04-12 22:05:43.494+00","2019-04-12 22:05:43.494+00","00:40:04.586"
"49889","juvysfrf_1105","Receiver","DM-RMC-4K-SCALER-C_01","Sync_State","Connected","Presentation","2019-08-07 19:41:32.616+00","2019-08-07 20:01:33.763+00","juvysfrf_1105","Aviva_juvysfrf","Meeting Room","P3W","11th_floor","3-6",2,"00107FA554D2",NULL,"online","2019-04-12 22:05:43.494+00","2019-04-12 22:05:43.494+00","00:20:01.147"
"54691","juvysfrf_1105","Receiver","DM-RMC-4K-SCALER-C_01","Sync_State","Connected","Presentation","2019-08-14 14:32:27.236+00","2019-08-14 15:07:31.516+00","juvysfrf_1105","Aviva_juvysfrf","Meeting Room","P3W","11th_floor","3-6",2,"00107FA554D2",NULL,"online","2019-04-12 22:05:43.494+00","2019-04-12 22:05:43.494+00","00:35:04.28"
"48524","juvysfrf_1105","Receiver","DM-RMC-4K-SCALER-C_01","Sync_State","Connected","Presentation","2019-08-06 18:09:01.598+00","2019-08-06 18:34:05.785+00","juvysfrf_1105","Aviva_juvysfrf","Meeting Room","P3W","11th_floor","3-6",2,"00107FA554D2",NULL,"online","2019-04-12 22:05:43.494+00","2019-04-12 22:05:43.494+00","00:25:04.187"
"52786","juvysfrf_1105","Receiver","DM-RMC-4K-SCALER-C_01","Sync_State","Connected","Presentation","2019-08-12 18:23:10.039+00","2019-08-12 18:53:11.349+00","juvysfrf_1105","Aviva_juvysfrf","Meeting Room","P3W","11th_floor","3-6",2,"00107FA554D2",NULL,"online","2019-04-12 22:05:43.494+00","2019-04-12 22:05:43.494+00","00:30:01.31"
"48984","juvysfrf_1105","Receiver","DM-RMC-4K-SCALER-C_01","Sync_State","Connected","Presentation","2019-08-07 13:10:54.673+00","2019-08-07 13:30:56.483+00","juvysfrf_1105","Aviva_juvysfrf","Meeting Room","P3W","11th_floor","3-6",2,"00107FA554D2",NULL,"online","2019-04-12 22:05:43.494+00","2019-04-12 22:05:43.494+00","00:20:01.81"
"50690","juvysfrf_1105","Receiver","DM-RMC-4K-SCALER-C_01","Sync_State","Connected","Presentation","2019-08-08 18:03:43.567+00","2019-08-08 18:18:45.299+00","juvysfrf_1105","Aviva_juvysfrf","Meeting Room","P3W","11th_floor","3-6",2,"00107FA554D2",NULL,"online","2019-04-12 22:05:43.494+00","2019-04-12 22:05:43.494+00","00:15:01.732"
"48536","juvysfrf_1105","Receiver","DM-RMC-4K-SCALER-C_01","Sync_State","Connected","Presentation","2019-08-06 18:14:02.538+00","2019-08-06 18:34:05.785+00","juvysfrf_1105","Aviva_juvysfrf","Meeting Room","P3W","11th_floor","3-6",2,"00107FA554D2",NULL,"online","2019-04-12 22:05:43.494+00","2019-04-12 22:05:43.494+00","00:20:03.247"
"54514","juvysfrf_1105","Receiver","DM-RMC-4K-SCALER-C_01","Sync_State","Connected","Presentation","2019-08-14 13:32:23.419+00","2019-08-14 17:02:42.625+00","juvysfrf_1105","Aviva_juvysfrf","Meeting Room","P3W","11th_floor","3-6",2,"00107FA554D2",NULL,"online","2019-04-12 22:05:43.494+00","2019-04-12 22:05:43.494+00","03:30:19.206"
"52998","juvysfrf_1105","Receiver","DM-RMC-4K-SCALER-C_01","Sync_State","Connected","Presentation","2019-08-12 19:33:17.04+00","2019-08-12 20:03:19.114+00","juvysfrf_1105","Aviva_juvysfrf","Meeting Room","P3W","11th_floor","3-6",2,"00107FA554D2",NULL,"online","2019-04-12 22:05:43.494+00","2019-04-12 22:05:43.494+00","00:30:02.074"
"50199","juvysfrf_1105","Receiver","DM-RMC-4K-SCALER-C_01","Sync_State","Connected","Presentation","2019-08-08 13:43:17.569+00","2019-08-08 14:33:23.76+00","juvysfrf_1105","Aviva_juvysfrf","Meeting Room","P3W","11th_floor","3-6",2,"00107FA554D2",NULL,"online","2019-04-12 22:05:43.494+00","2019-04-12 22:05:43.494+00","00:50:06.191"
"51288","juvysfrf_1105","Receiver","DM-RMC-4K-SCALER-C_01","Sync_State","Connected","Presentation","2019-08-09 14:00:41.041+00","2019-08-09 14:35:44.533+00","juvysfrf_1105","Aviva_juvysfrf","Meeting Room","P3W","11th_floor","3-6",2,"00107FA554D2",NULL,"online","2019-04-12 22:05:43.494+00","2019-04-12 22:05:43.494+00","00:35:03.492"
"51683","juvysfrf_1105","Receiver","DM-RMC-4K-SCALER-C_01","Sync_State","Connected","Presentation","2019-08-09 17:46:02.621+00","2019-08-09 18:16:06.298+00","juvysfrf_1105","Aviva_juvysfrf","Meeting Room","P3W","11th_floor","3-6",2,"00107FA554D2",NULL,"online","2019-04-12 22:05:43.494+00","2019-04-12 22:05:43.494+00","00:30:03.677"
"48138","juvysfrf_1105","Receiver","DM-RMC-4K-SCALER-C_01","Sync_State","Connected","Presentation","2019-08-06 14:43:43.727+00","2019-08-06 15:08:45.158+00","juvysfrf_1105","Aviva_juvysfrf","Meeting Room","P3W","11th_floor","3-6",2,"00107FA554D2",NULL,"online","2019-04-12 22:05:43.494+00","2019-04-12 22:05:43.494+00","00:25:01.431"
"53965","juvysfrf_1105","Receiver","DM-RMC-4K-SCALER-C_01","Sync_State","Connected","Presentation","2019-08-13 18:05:29.065+00","2019-08-13 18:30:30.515+00","juvysfrf_1105","Aviva_juvysfrf","Meeting Room","P3W","11th_floor","3-6",2,"00107FA554D2",NULL,"online","2019-04-12 22:05:43.494+00","2019-04-12 22:05:43.494+00","00:25:01.45"
"49832","juvysfrf_1105","Receiver","DM-RMC-4K-SCALER-C_01","Sync_State","Connected","Presentation","2019-08-07 19:16:30.156+00","2019-08-07 20:01:33.763+00","juvysfrf_1105","Aviva_juvysfrf","Meeting Room","P3W","11th_floor","3-6",2,"00107FA554D2",NULL,"online","2019-04-12 22:05:43.494+00","2019-04-12 22:05:43.494+00","00:45:03.607"
"53179","juvysfrf_1105","Receiver","DM-RMC-4K-SCALER-C_01","Sync_State","Connected","Presentation","2019-08-13 12:09:52.29+00","2019-08-13 12:54:57.07+00","juvysfrf_1105","Aviva_juvysfrf","Meeting Room","P3W","11th_floor","3-6",2,"00107FA554D2",NULL,"online","2019-04-12 22:05:43.494+00","2019-04-12 22:05:43.494+00","00:45:04.78"
"53774","juvysfrf_1105","Receiver","DM-RMC-4K-SCALER-C_01","Sync_State","Connected","Presentation","2019-08-13 16:50:21.949+00","2019-08-13 17:00:22.256+00","juvysfrf_1105","Aviva_juvysfrf","Meeting Room","P3W","11th_floor","3-6",2,"00107FA554D2",NULL,"online","2019-04-12 22:05:43.494+00","2019-04-12 22:05:43.494+00","00:10:00.307"
"52101","juvysfrf_1105","Receiver","DM-RMC-4K-SCALER-C_01","Sync_State","Connected","Presentation","2019-08-12 13:37:41.549+00","2019-08-12 14:27:46.085+00","juvysfrf_1105","Aviva_juvysfrf","Meeting Room","P3W","11th_floor","3-6",2,"00107FA554D2",NULL,"online","2019-04-12 22:05:43.494+00","2019-04-12 22:05:43.494+00","00:50:04.536"
"48291","juvysfrf_1105","Receiver","DM-RMC-4K-SCALER-C_01","Sync_State","Connected","Presentation","2019-08-06 16:03:49.484+00","2019-08-06 16:33:52.769+00","juvysfrf_1105","Aviva_juvysfrf","Meeting Room","P3W","11th_floor","3-6",2,"00107FA554D2",NULL,"online","2019-04-12 22:05:43.494+00","2019-04-12 22:05:43.494+00","00:30:03.285"
"49922","juvysfrf_1105","Receiver","DM-RMC-4K-SCALER-C_01","Sync_State","Connected","Presentation","2019-08-07 20:06:34.365+00","2019-08-07 20:26:35.871+00","juvysfrf_1105","Aviva_juvysfrf","Meeting Room","P3W","11th_floor","3-6",2,"00107FA554D2",NULL,"online","2019-04-12 22:05:43.494+00","2019-04-12 22:05:43.494+00","00:20:01.506"
"53030","juvysfrf_1105","Receiver","DM-RMC-4K-SCALER-C_01","Sync_State","Connected","Presentation","2019-08-12 19:38:17.549+00","2019-08-12 20:03:19.114+00","juvysfrf_1105","Aviva_juvysfrf","Meeting Room","P3W","11th_floor","3-6",2,"00107FA554D2",NULL,"online","2019-04-12 22:05:43.494+00","2019-04-12 22:05:43.494+00","00:25:01.565"
"53992","juvysfrf_1105","Receiver","DM-RMC-4K-SCALER-C_01","Sync_State","Connected","Presentation","2019-08-13 18:10:28.73+00","2019-08-13 18:30:30.515+00","juvysfrf_1105","Aviva_juvysfrf","Meeting Room","P3W","11th_floor","3-6",2,"00107FA554D2",NULL,"online","2019-04-12 22:05:43.494+00","2019-04-12 22:05:43.494+00","00:20:01.785"
"55544","juvysfrf_1105","Receiver","DM-RMC-4K-SCALER-C_01","Sync_State","Connected","Presentation","2019-08-14 20:02:59.154+00","2019-08-14 20:33:03.704+00","juvysfrf_1105","Aviva_juvysfrf","Meeting Room","P3W","11th_floor","3-6",2,"00107FA554D2",NULL,"online","2019-04-12 22:05:43.494+00","2019-04-12 22:05:43.494+00","00:30:04.55"
"57527","juvysfrf_1105","Receiver","DM-RMC-4K-SCALER-C_01","Sync_State","Connected","Presentation","2019-08-16 15:02:11.898+00","2019-08-16 16:07:19.298+00","juvysfrf_1105","Aviva_juvysfrf","Meeting Room","P3W","11th_floor","3-6",2,"00107FA554D2",NULL,"online","2019-04-12 22:05:43.494+00","2019-04-12 22:05:43.494+00","01:05:07.4"
"57459","juvysfrf_1105","Receiver","DM-RMC-4K-SCALER-C_01","Sync_State","Connected","Presentation","2019-08-16 14:27:08.993+00","2019-08-16 14:47:10.414+00","juvysfrf_1105","Aviva_juvysfrf","Meeting Room","P3W","11th_floor","3-6",2,"00107FA554D2",NULL,"online","2019-04-12 22:05:43.494+00","2019-04-12 22:05:43.494+00","00:20:01.421"
"58006","juvysfrf_1105","Receiver","DM-RMC-4K-SCALER-C_01","Sync_State","Connected","Presentation","2019-08-16 18:27:32.028+00","2019-08-16 19:07:36.95+00","juvysfrf_1105","Aviva_juvysfrf","Meeting Room","P3W","11th_floor","3-6",2,"00107FA554D2",NULL,"online","2019-04-12 22:05:43.494+00","2019-04-12 22:05:43.494+00","00:40:04.922"
"77091","juvysfrf_1105","Receiver","DM-RMC-4K-SCALER-C_01","Sync_State","Connected","Presentation","2019-09-06 16:54:24.95+00","2019-09-06 17:44:30.988+00","juvysfrf_1105","Aviva_juvysfrf","Meeting Room","P3W","11th_floor","3-6",2,"00107FA554D2",NULL,"online","2019-04-12 22:05:43.494+00","2019-04-12 22:05:43.494+00","00:50:06.038"
"79975","juvysfrf_1105","Receiver","DM-RMC-4K-SCALER-C_01","Sync_State","Connected","Presentation","2019-09-10 16:33:47.553+00","2019-09-10 16:58:48.986+00","juvysfrf_1105","Aviva_juvysfrf","Meeting Room","P3W","11th_floor","3-6",2,"00107FA554D2",NULL,"online","2019-04-12 22:05:43.494+00","2019-04-12 22:05:43.494+00","00:25:01.433"
"83046","juvysfrf_1105","Receiver","DM-RMC-4K-SCALER-C_01","Sync_State","Connected","Presentation","2019-09-12 19:08:43.94+00","2019-09-12 19:43:48.125+00","juvysfrf_1105","Aviva_juvysfrf","Meeting Room","P3W","11th_floor","3-6",2,"00107FA554D2",NULL,"online","2019-04-12 22:05:43.494+00","2019-04-12 22:05:43.494+00","00:35:04.185"
"83408","juvysfrf_1105","Receiver","DM-RMC-4K-SCALER-C_01","Sync_State","Connected","Presentation","2019-09-13 13:05:29.714+00","2019-09-13 13:40:32.798+00","juvysfrf_1105","Aviva_juvysfrf","Meeting Room","P3W","11th_floor","3-6",2,"00107FA554D2",NULL,"online","2019-04-12 22:05:43.494+00","2019-04-12 22:05:43.494+00","00:35:03.084"
"58171","juvysfrf_1105","Receiver","DM-RMC-4K-SCALER-C_01","Sync_State","Connected","Presentation","2019-08-16 20:12:42.573+00","2019-08-16 20:17:43.302+00","juvysfrf_1105","Aviva_juvysfrf","Meeting Room","P3W","11th_floor","3-6",2,"00107FA554D2",NULL,"online","2019-04-12 22:05:43.494+00","2019-04-12 22:05:43.494+00","00:05:00.729"
"58158","juvysfrf_1105","Receiver","DM-RMC-4K-SCALER-C_01","Sync_State","Connected","Presentation","2019-08-16 19:57:40.972+00","2019-08-16 20:17:43.302+00","juvysfrf_1105","Aviva_juvysfrf","Meeting Room","P3W","11th_floor","3-6",2,"00107FA554D2",NULL,"online","2019-04-12 22:05:43.494+00","2019-04-12 22:05:43.494+00","00:20:02.33"
"58149","juvysfrf_1105","Receiver","DM-RMC-4K-SCALER-C_01","Sync_State","Connected","Presentation","2019-08-16 19:37:39.428+00","2019-08-16 20:17:43.302+00","juvysfrf_1105","Aviva_juvysfrf","Meeting Room","P3W","11th_floor","3-6",2,"00107FA554D2",NULL,"online","2019-04-12 22:05:43.494+00","2019-04-12 22:05:43.494+00","00:40:03.874"
"58400","juvysfrf_1105","Receiver","DM-RMC-4K-SCALER-C_01","Sync_State","Connected","Presentation","2019-08-19 13:34:05.18+00","2019-08-19 18:04:32.913+00","juvysfrf_1105","Aviva_juvysfrf","Meeting Room","P3W","11th_floor","3-6",2,"00107FA554D2",NULL,"online","2019-04-12 22:05:43.494+00","2019-04-12 22:05:43.494+00","04:30:27.733"
"58488","juvysfrf_1105","Receiver","DM-RMC-4K-SCALER-C_01","Sync_State","Connected","Presentation","2019-08-19 14:04:08.202+00","2019-08-19 16:34:23.572+00","juvysfrf_1105","Aviva_juvysfrf","Meeting Room","P3W","11th_floor","3-6",2,"00107FA554D2",NULL,"online","2019-04-12 22:05:43.494+00","2019-04-12 22:05:43.494+00","02:30:15.37"
"58583","juvysfrf_1105","Receiver","DM-RMC-4K-SCALER-C_01","Sync_State","Connected","Presentation","2019-08-19 14:34:12.492+00","2019-08-19 16:34:23.572+00","juvysfrf_1105","Aviva_juvysfrf","Meeting Room","P3W","11th_floor","3-6",2,"00107FA554D2",NULL,"online","2019-04-12 22:05:43.494+00","2019-04-12 22:05:43.494+00","02:00:11.08"
"85215","juvysfrf_1105","Receiver","DM-RMC-4K-SCALER-C_01","Sync_State","Connected","Presentation","2019-09-16 19:08:07.83+00","2019-09-16 20:08:13.886+00","juvysfrf_1105","Aviva_juvysfrf","Meeting Room","P3W","11th_floor","3-6",2,"00107FA554D2",NULL,"online","2019-04-12 22:05:43.494+00","2019-04-12 22:05:43.494+00","01:00:06.056"
"82359","juvysfrf_1105","Receiver","DM-RMC-4K-SCALER-C_01","Sync_State","Connected","Presentation","2019-09-12 14:33:17.973+00","2019-09-12 15:03:20.572+00","juvysfrf_1105","Aviva_juvysfrf","Meeting Room","P3W","11th_floor","3-6",2,"00107FA554D2",NULL,"online","2019-04-12 22:05:43.494+00","2019-04-12 22:05:43.494+00","00:30:02.599"
"77516","juvysfrf_1105","Receiver","DM-RMC-4K-SCALER-C_01","Sync_State","Connected","Presentation","2019-09-06 19:14:39.159+00","2019-09-06 20:24:46.161+00","juvysfrf_1105","Aviva_juvysfrf","Meeting Room","P3W","11th_floor","3-6",2,"00107FA554D2",NULL,"online","2019-04-12 22:05:43.494+00","2019-04-12 22:05:43.494+00","01:10:07.002"
"58842","juvysfrf_1105","Receiver","DM-RMC-4K-SCALER-C_01","Sync_State","Connected","Presentation","2019-08-19 16:04:20.432+00","2019-08-19 16:34:23.572+00","juvysfrf_1105","Aviva_juvysfrf","Meeting Room","P3W","11th_floor","3-6",2,"00107FA554D2",NULL,"online","2019-04-12 22:05:43.494+00","2019-04-12 22:05:43.494+00","00:30:03.14"
"59078","juvysfrf_1105","Receiver","DM-RMC-4K-SCALER-C_01","Sync_State","Connected","Presentation","2019-08-19 17:34:28.441+00","2019-08-19 18:04:32.913+00","juvysfrf_1105","Aviva_juvysfrf","Meeting Room","P3W","11th_floor","3-6",2,"00107FA554D2",NULL,"online","2019-04-12 22:05:43.494+00","2019-04-12 22:05:43.494+00","00:30:04.472"
"59228","juvysfrf_1105","Receiver","DM-RMC-4K-SCALER-C_01","Sync_State","Connected","Presentation","2019-08-19 18:09:32.365+00","2019-08-19 18:24:33.893+00","juvysfrf_1105","Aviva_juvysfrf","Meeting Room","P3W","11th_floor","3-6",2,"00107FA554D2",NULL,"online","2019-04-12 22:05:43.494+00","2019-04-12 22:05:43.494+00","00:15:01.528"
"59273","juvysfrf_1105","Receiver","DM-RMC-4K-SCALER-C_01","Sync_State","Connected","Presentation","2019-08-19 18:19:33.695+00","2019-08-19 18:24:33.893+00","juvysfrf_1105","Aviva_juvysfrf","Meeting Room","P3W","11th_floor","3-6",2,"00107FA554D2",NULL,"online","2019-04-12 22:05:43.494+00","2019-04-12 22:05:43.494+00","00:05:00.198"
"59251","juvysfrf_1105","Receiver","DM-RMC-4K-SCALER-C_01","Sync_State","Connected","Presentation","2019-08-19 18:14:33.538+00","2019-08-19 18:24:33.893+00","juvysfrf_1105","Aviva_juvysfrf","Meeting Room","P3W","11th_floor","3-6",2,"00107FA554D2",NULL,"online","2019-04-12 22:05:43.494+00","2019-04-12 22:05:43.494+00","00:10:00.355"
"59296","juvysfrf_1105","Receiver","DM-RMC-4K-SCALER-C_01","Sync_State","Connected","Presentation","2019-08-19 18:29:34.2+00","2019-08-19 18:59:38.487+00","juvysfrf_1105","Aviva_juvysfrf","Meeting Room","P3W","11th_floor","3-6",2,"00107FA554D2",NULL,"online","2019-04-12 22:05:43.494+00","2019-04-12 22:05:43.494+00","00:30:04.287"
"79475","juvysfrf_1105","Receiver","DM-RMC-4K-SCALER-C_01","Sync_State","Connected","Presentation","2019-09-10 13:38:30.136+00","2019-09-10 13:58:32.733+00","juvysfrf_1105","Aviva_juvysfrf","Meeting Room","P3W","11th_floor","3-6",2,"00107FA554D2",NULL,"online","2019-04-12 22:05:43.494+00","2019-04-12 22:05:43.494+00","00:20:02.597"
"79013","juvysfrf_1105","Receiver","DM-RMC-4K-SCALER-C_01","Sync_State","Connected","Presentation","2019-09-09 19:36:45.066+00","2019-09-09 20:31:49.139+00","juvysfrf_1105","Aviva_juvysfrf","Meeting Room","P3W","11th_floor","3-6",2,"00107FA554D2",NULL,"online","2019-04-12 22:05:43.494+00","2019-04-12 22:05:43.494+00","00:55:04.073"
"81919","juvysfrf_1105","Receiver","DM-RMC-4K-SCALER-C_01","Sync_State","Connected","Presentation","2019-09-11 20:06:29.344+00","2019-09-11 20:26:30.973+00","juvysfrf_1105","Aviva_juvysfrf","Meeting Room","P3W","11th_floor","3-6",2,"00107FA554D2",NULL,"online","2019-04-12 22:05:43.494+00","2019-04-12 22:05:43.494+00","00:20:01.629"
"59814","juvysfrf_1105","Receiver","DM-RMC-4K-SCALER-C_01","Sync_State","Connected","Presentation","2019-08-20 12:46:21.092+00","2019-08-20 13:16:24.462+00","juvysfrf_1105","Aviva_juvysfrf","Meeting Room","P3W","11th_floor","3-6",2,"00107FA554D2",NULL,"online","2019-04-12 22:05:43.494+00","2019-04-12 22:05:43.494+00","00:30:03.37"
"59829","juvysfrf_1105","Receiver","DM-RMC-4K-SCALER-C_01","Sync_State","Connected","Presentation","2019-08-20 12:56:22.55+00","2019-08-20 13:16:24.462+00","juvysfrf_1105","Aviva_juvysfrf","Meeting Room","P3W","11th_floor","3-6",2,"00107FA554D2",NULL,"online","2019-04-12 22:05:43.494+00","2019-04-12 22:05:43.494+00","00:20:01.912"
"59960","juvysfrf_1105","Receiver","DM-RMC-4K-SCALER-C_01","Sync_State","Connected","Presentation","2019-08-20 14:01:29.969+00","2019-08-20 14:26:31.375+00","juvysfrf_1105","Aviva_juvysfrf","Meeting Room","P3W","11th_floor","3-6",2,"00107FA554D2",NULL,"online","2019-04-12 22:05:43.494+00","2019-04-12 22:05:43.494+00","00:25:01.406"
"60150","juvysfrf_1105","Receiver","DM-RMC-4K-SCALER-C_01","Sync_State","Connected","Presentation","2019-08-20 14:51:33.386+00","2019-08-20 15:16:36.016+00","juvysfrf_1105","Aviva_juvysfrf","Meeting Room","P3W","11th_floor","3-6",2,"00107FA554D2",NULL,"online","2019-04-12 22:05:43.494+00","2019-04-12 22:05:43.494+00","00:25:02.63"
"83932","juvysfrf_1105","Receiver","DM-RMC-4K-SCALER-C_01","Sync_State","Connected","Presentation","2019-09-13 17:35:55.814+00","2019-09-13 19:06:05.698+00","juvysfrf_1105","Aviva_juvysfrf","Meeting Room","P3W","11th_floor","3-6",2,"00107FA554D2",NULL,"online","2019-04-12 22:05:43.494+00","2019-04-12 22:05:43.494+00","01:30:09.884"
"60387","juvysfrf_1105","Receiver","DM-RMC-4K-SCALER-C_01","Sync_State","Connected","Presentation","2019-08-20 16:06:41.2+00","2019-08-20 16:56:45.793+00","juvysfrf_1105","Aviva_juvysfrf","Meeting Room","P3W","11th_floor","3-6",2,"00107FA554D2",NULL,"online","2019-04-12 22:05:43.494+00","2019-04-12 22:05:43.494+00","00:50:04.593"
"60400","juvysfrf_1105","Receiver","DM-RMC-4K-SCALER-C_01","Sync_State","Connected","Presentation","2019-08-20 16:11:41.199+00","2019-08-20 16:56:45.793+00","juvysfrf_1105","Aviva_juvysfrf","Meeting Room","P3W","11th_floor","3-6",2,"00107FA554D2",NULL,"online","2019-04-12 22:05:43.494+00","2019-04-12 22:05:43.494+00","00:45:04.594"
"60409","juvysfrf_1105","Receiver","DM-RMC-4K-SCALER-C_01","Sync_State","Connected","Presentation","2019-08-20 16:16:40.92+00","2019-08-20 16:56:45.793+00","juvysfrf_1105","Aviva_juvysfrf","Meeting Room","P3W","11th_floor","3-6",2,"00107FA554D2",NULL,"online","2019-04-12 22:05:43.494+00","2019-04-12 22:05:43.494+00","00:40:04.873"
"60519","juvysfrf_1105","Receiver","DM-RMC-4K-SCALER-C_01","Sync_State","Connected","Presentation","2019-08-20 17:06:47.527+00","2019-08-20 17:56:51.949+00","juvysfrf_1105","Aviva_juvysfrf","Meeting Room","P3W","11th_floor","3-6",2,"00107FA554D2",NULL,"online","2019-04-12 22:05:43.494+00","2019-04-12 22:05:43.494+00","00:50:04.422"
"83434","juvysfrf_1105","Receiver","DM-RMC-4K-SCALER-C_01","Sync_State","Connected","Presentation","2019-09-13 13:15:31.571+00","2019-09-13 13:40:32.798+00","juvysfrf_1105","Aviva_juvysfrf","Meeting Room","P3W","11th_floor","3-6",2,"00107FA554D2",NULL,"online","2019-04-12 22:05:43.494+00","2019-04-12 22:05:43.494+00","00:25:01.227"
"82638","juvysfrf_1105","Receiver","DM-RMC-4K-SCALER-C_01","Sync_State","Connected","Presentation","2019-09-12 16:08:26.284+00","2019-09-12 16:23:28.298+00","juvysfrf_1105","Aviva_juvysfrf","Meeting Room","P3W","11th_floor","3-6",2,"00107FA554D2",NULL,"online","2019-04-12 22:05:43.494+00","2019-04-12 22:05:43.494+00","00:15:02.014"
"61056","juvysfrf_1105","Receiver","DM-RMC-4K-SCALER-C_01","Sync_State","Connected","Presentation","2019-08-20 20:02:04.372+00","2019-08-20 20:32:06.924+00","juvysfrf_1105","Aviva_juvysfrf","Meeting Room","P3W","11th_floor","3-6",2,"00107FA554D2",NULL,"online","2019-04-12 22:05:43.494+00","2019-04-12 22:05:43.494+00","00:30:02.552"
"76159","juvysfrf_1105","Receiver","DM-RMC-4K-SCALER-C_01","Sync_State","Connected","Presentation","2019-09-05 19:07:18.89+00","2019-09-05 21:12:30.287+00","juvysfrf_1105","Aviva_juvysfrf","Meeting Room","P3W","11th_floor","3-6",2,"00107FA554D2",NULL,"online","2019-04-12 22:05:43.494+00","2019-04-12 22:05:43.494+00","02:05:11.397"
"61067","juvysfrf_1105","Receiver","DM-RMC-4K-SCALER-C_01","Sync_State","Connected","Presentation","2019-08-20 20:07:05.38+00","2019-08-20 20:32:06.924+00","juvysfrf_1105","Aviva_juvysfrf","Meeting Room","P3W","11th_floor","3-6",2,"00107FA554D2",NULL,"online","2019-04-12 22:05:43.494+00","2019-04-12 22:05:43.494+00","00:25:01.544"
"61528","juvysfrf_1105","Receiver","DM-RMC-4K-SCALER-C_01","Sync_State","Connected","Presentation","2019-08-21 14:01:37.352+00","2019-08-21 14:31:39.284+00","juvysfrf_1105","Aviva_juvysfrf","Meeting Room","P3W","11th_floor","3-6",2,"00107FA554D2",NULL,"online","2019-04-12 22:05:43.494+00","2019-04-12 22:05:43.494+00","00:30:01.932"
"80537","juvysfrf_1105","Receiver","DM-RMC-4K-SCALER-C_01","Sync_State","Connected","Presentation","2019-09-10 19:34:05.29+00","2019-09-10 19:44:05.792+00","juvysfrf_1105","Aviva_juvysfrf","Meeting Room","P3W","11th_floor","3-6",2,"00107FA554D2",NULL,"online","2019-04-12 22:05:43.494+00","2019-04-12 22:05:43.494+00","00:10:00.502"
"76423","juvysfrf_1105","Receiver","DM-RMC-4K-SCALER-C_01","Sync_State","Connected","Presentation","2019-09-05 21:17:30.118+00","2019-09-05 21:22:30.913+00","juvysfrf_1105","Aviva_juvysfrf","Meeting Room","P3W","11th_floor","3-6",2,"00107FA554D2",NULL,"online","2019-04-12 22:05:43.494+00","2019-04-12 22:05:43.494+00","00:05:00.795"
"80996","juvysfrf_1105","Receiver","DM-RMC-4K-SCALER-C_01","Sync_State","Connected","Presentation","2019-09-11 14:00:53.9+00","2019-09-11 14:35:57.307+00","juvysfrf_1105","Aviva_juvysfrf","Meeting Room","P3W","11th_floor","3-6",2,"00107FA554D2",NULL,"online","2019-04-12 22:05:43.494+00","2019-04-12 22:05:43.494+00","00:35:03.407"
"81722","juvysfrf_1105","Receiver","DM-RMC-4K-SCALER-C_01","Sync_State","Connected","Presentation","2019-09-11 18:36:20.195+00","2019-09-11 19:11:23.29+00","juvysfrf_1105","Aviva_juvysfrf","Meeting Room","P3W","11th_floor","3-6",2,"00107FA554D2",NULL,"online","2019-04-12 22:05:43.494+00","2019-04-12 22:05:43.494+00","00:35:03.095"
"62032","juvysfrf_1105","Receiver","DM-RMC-4K-SCALER-C_01","Sync_State","Connected","Presentation","2019-08-21 17:07:04.976+00","2019-08-21 17:31:56.784+00","juvysfrf_1105","Aviva_juvysfrf","Meeting Room","P3W","11th_floor","3-6",2,"00107FA554D2",NULL,"online","2019-04-12 22:05:43.494+00","2019-04-12 22:05:43.494+00","00:24:51.808"
"62860","juvysfrf_1105","Receiver","DM-RMC-4K-SCALER-C_01","Sync_State","Connected","Presentation","2019-08-22 12:33:47.884+00","2019-08-22 12:53:50.058+00","juvysfrf_1105","Aviva_juvysfrf","Meeting Room","P3W","11th_floor","3-6",2,"00107FA554D2",NULL,"online","2019-04-12 22:05:43.494+00","2019-04-12 22:05:43.494+00","00:20:02.174"
"62205","juvysfrf_1105","Receiver","DM-RMC-4K-SCALER-C_01","Sync_State","Connected","Presentation","2019-08-21 17:51:58.717+00","2019-08-21 18:02:00.226+00","juvysfrf_1105","Aviva_juvysfrf","Meeting Room","P3W","11th_floor","3-6",2,"00107FA554D2",NULL,"online","2019-04-12 22:05:43.494+00","2019-04-12 22:05:43.494+00","00:10:01.509"
"62166","juvysfrf_1105","Receiver","DM-RMC-4K-SCALER-C_01","Sync_State","Connected","Presentation","2019-08-21 17:36:58.006+00","2019-08-21 17:41:57.035+00","juvysfrf_1105","Aviva_juvysfrf","Meeting Room","P3W","11th_floor","3-6",2,"00107FA554D2",NULL,"online","2019-04-12 22:05:43.494+00","2019-04-12 22:05:43.494+00","00:04:59.029"
"62308","juvysfrf_1105","Receiver","DM-RMC-4K-SCALER-C_01","Sync_State","Connected","Presentation","2019-08-21 18:12:00.831+00","2019-08-21 19:32:08.821+00","juvysfrf_1105","Aviva_juvysfrf","Meeting Room","P3W","11th_floor","3-6",2,"00107FA554D2",NULL,"online","2019-04-12 22:05:43.494+00","2019-04-12 22:05:43.494+00","01:20:07.99"
"62853","juvysfrf_1105","Receiver","DM-RMC-4K-SCALER-C_01","Sync_State","Connected","Presentation","2019-08-22 12:28:47.924+00","2019-08-22 12:53:50.058+00","juvysfrf_1105","Aviva_juvysfrf","Meeting Room","P3W","11th_floor","3-6",2,"00107FA554D2",NULL,"online","2019-04-12 22:05:43.494+00","2019-04-12 22:05:43.494+00","00:25:02.134"
"81476","juvysfrf_1105","Receiver","DM-RMC-4K-SCALER-C_01","Sync_State","Connected","Presentation","2019-09-11 17:11:11.466+00","2019-09-11 17:31:13.503+00","juvysfrf_1105","Aviva_juvysfrf","Meeting Room","P3W","11th_floor","3-6",2,"00107FA554D2",NULL,"online","2019-04-12 22:05:43.494+00","2019-04-12 22:05:43.494+00","00:20:02.037"
"85271","juvysfrf_1105","Receiver","DM-RMC-4K-SCALER-C_01","Sync_State","Connected","Presentation","2019-09-16 19:43:11.059+00","2019-09-16 20:08:13.886+00","juvysfrf_1105","Aviva_juvysfrf","Meeting Room","P3W","11th_floor","3-6",2,"00107FA554D2",NULL,"online","2019-04-12 22:05:43.494+00","2019-04-12 22:05:43.494+00","00:25:02.827"
"79513","juvysfrf_1105","Receiver","DM-RMC-4K-SCALER-C_01","Sync_State","Connected","Presentation","2019-09-10 14:03:33.526+00","2019-09-10 14:58:38.263+00","juvysfrf_1105","Aviva_juvysfrf","Meeting Room","P3W","11th_floor","3-6",2,"00107FA554D2",NULL,"online","2019-04-12 22:05:43.494+00","2019-04-12 22:05:43.494+00","00:55:04.737"
"75019","juvysfrf_1105","Receiver","DM-RMC-4K-SCALER-C_01","Sync_State","Connected","Presentation","2019-09-05 12:56:41.219+00","2019-09-05 13:46:46.161+00","juvysfrf_1105","Aviva_juvysfrf","Meeting Room","P3W","11th_floor","3-6",2,"00107FA554D2",NULL,"online","2019-04-12 22:05:43.494+00","2019-04-12 22:05:43.494+00","00:50:04.942"
"63076","juvysfrf_1105","Receiver","DM-RMC-4K-SCALER-C_01","Sync_State","Connected","Presentation","2019-08-22 14:03:58.341+00","2019-08-22 14:28:59.075+00","juvysfrf_1105","Aviva_juvysfrf","Meeting Room","P3W","11th_floor","3-6",2,"00107FA554D2",NULL,"online","2019-04-12 22:05:43.494+00","2019-04-12 22:05:43.494+00","00:25:00.734"
"82180","juvysfrf_1105","Receiver","DM-RMC-4K-SCALER-C_01","Sync_State","Connected","Presentation","2019-09-12 13:08:08.742+00","2019-09-12 13:53:12.823+00","juvysfrf_1105","Aviva_juvysfrf","Meeting Room","P3W","11th_floor","3-6",2,"00107FA554D2",NULL,"online","2019-04-12 22:05:43.494+00","2019-04-12 22:05:43.494+00","00:45:04.081"
"78279","juvysfrf_1105","Receiver","DM-RMC-4K-SCALER-C_01","Sync_State","Connected","Presentation","2019-09-09 15:41:20.343+00","2019-09-09 15:56:22.068+00","juvysfrf_1105","Aviva_juvysfrf","Meeting Room","P3W","11th_floor","3-6",2,"00107FA554D2",NULL,"online","2019-04-12 22:05:43.494+00","2019-04-12 22:05:43.494+00","00:15:01.725"
"63196","juvysfrf_1105","Receiver","DM-RMC-4K-SCALER-C_01","Sync_State","Connected","Presentation","2019-08-22 14:23:58.52+00","2019-08-22 14:28:59.075+00","juvysfrf_1105","Aviva_juvysfrf","Meeting Room","P3W","11th_floor","3-6",2,"00107FA554D2",NULL,"online","2019-04-12 22:05:43.494+00","2019-04-12 22:05:43.494+00","00:05:00.555"
"63229","juvysfrf_1105","Receiver","DM-RMC-4K-SCALER-C_01","Sync_State","Connected","Presentation","2019-08-22 14:34:01.31+00","2019-08-22 15:04:03.768+00","juvysfrf_1105","Aviva_juvysfrf","Meeting Room","P3W","11th_floor","3-6",2,"00107FA554D2",NULL,"online","2019-04-12 22:05:43.494+00","2019-04-12 22:05:43.494+00","00:30:02.458"
"63419","juvysfrf_1105","Receiver","DM-RMC-4K-SCALER-C_01","Sync_State","Connected","Presentation","2019-08-22 15:24:05.791+00","2019-08-22 15:29:05.8+00","juvysfrf_1105","Aviva_juvysfrf","Meeting Room","P3W","11th_floor","3-6",2,"00107FA554D2",NULL,"online","2019-04-12 22:05:43.494+00","2019-04-12 22:05:43.494+00","00:05:00.009"
"63692","juvysfrf_1105","Receiver","DM-RMC-4K-SCALER-C_01","Sync_State","Connected","Presentation","2019-08-22 17:34:18.639+00","2019-08-22 17:39:18.416+00","juvysfrf_1105","Aviva_juvysfrf","Meeting Room","P3W","11th_floor","3-6",2,"00107FA554D2",NULL,"online","2019-04-12 22:05:43.494+00","2019-04-12 22:05:43.494+00","00:04:59.777"
"63944","juvysfrf_1105","Receiver","DM-RMC-4K-SCALER-C_01","Sync_State","Connected","Presentation","2019-08-22 18:34:24.635+00","2019-08-22 20:29:34.997+00","juvysfrf_1105","Aviva_juvysfrf","Meeting Room","P3W","11th_floor","3-6",2,"00107FA554D2",NULL,"online","2019-04-12 22:05:43.494+00","2019-04-12 22:05:43.494+00","01:55:10.362"
"64023","juvysfrf_1105","Receiver","DM-RMC-4K-SCALER-C_01","Sync_State","Connected","Presentation","2019-08-22 19:04:26.891+00","2019-08-22 20:29:34.997+00","juvysfrf_1105","Aviva_juvysfrf","Meeting Room","P3W","11th_floor","3-6",2,"00107FA554D2",NULL,"online","2019-04-12 22:05:43.494+00","2019-04-12 22:05:43.494+00","01:25:08.106"
"64236","juvysfrf_1105","Receiver","DM-RMC-4K-SCALER-C_01","Sync_State","Connected","Presentation","2019-08-22 20:04:33.02+00","2019-08-22 20:29:34.997+00","juvysfrf_1105","Aviva_juvysfrf","Meeting Room","P3W","11th_floor","3-6",2,"00107FA554D2",NULL,"online","2019-04-12 22:05:43.494+00","2019-04-12 22:05:43.494+00","00:25:01.977"
"84616","juvysfrf_1105","Receiver","DM-RMC-4K-SCALER-C_01","Sync_State","Connected","Presentation","2019-09-16 14:32:40.576+00","2019-09-16 15:32:47.249+00","juvysfrf_1105","Aviva_juvysfrf","Meeting Room","P3W","11th_floor","3-6",2,"00107FA554D2",NULL,"online","2019-04-12 22:05:43.494+00","2019-04-12 22:05:43.494+00","01:00:06.673"
"76678","juvysfrf_1105","Receiver","DM-RMC-4K-SCALER-C_01","Sync_State","Connected","Presentation","2019-09-06 14:04:08.69+00","2019-09-06 14:34:12.654+00","juvysfrf_1105","Aviva_juvysfrf","Meeting Room","P3W","11th_floor","3-6",2,"00107FA554D2",NULL,"online","2019-04-12 22:05:43.494+00","2019-04-12 22:05:43.494+00","00:30:03.964"
"76072","juvysfrf_1105","Receiver","DM-RMC-4K-SCALER-C_01","Sync_State","Connected","Presentation","2019-09-05 18:52:16.143+00","2019-09-05 19:02:16.848+00","juvysfrf_1105","Aviva_juvysfrf","Meeting Room","P3W","11th_floor","3-6",2,"00107FA554D2",NULL,"online","2019-04-12 22:05:43.494+00","2019-04-12 22:05:43.494+00","00:10:00.705"
"64519","juvysfrf_1105","Receiver","DM-RMC-4K-SCALER-C_01","Sync_State","Connected","Presentation","2019-08-23 13:21:14.59+00","2019-08-23 13:56:16.976+00","juvysfrf_1105","Aviva_juvysfrf","Meeting Room","P3W","11th_floor","3-6",2,"00107FA554D2",NULL,"online","2019-04-12 22:05:43.494+00","2019-04-12 22:05:43.494+00","00:35:02.386"
"66647","juvysfrf_1105","Receiver","DM-RMC-4K-SCALER-C_01","Sync_State","Connected","Presentation","2019-08-26 20:18:56.738+00","2019-08-26 20:28:58.146+00","juvysfrf_1105","Aviva_juvysfrf","Meeting Room","P3W","11th_floor","3-6",2,"00107FA554D2",NULL,"online","2019-04-12 22:05:43.494+00","2019-04-12 22:05:43.494+00","00:10:01.408"
"65043","juvysfrf_1105","Receiver","DM-RMC-4K-SCALER-C_01","Sync_State","Connected","Presentation","2019-08-23 17:31:38.045+00","2019-08-23 17:56:40.89+00","juvysfrf_1105","Aviva_juvysfrf","Meeting Room","P3W","11th_floor","3-6",2,"00107FA554D2",NULL,"online","2019-04-12 22:05:43.494+00","2019-04-12 22:05:43.494+00","00:25:02.845"
"65801","juvysfrf_1105","Receiver","DM-RMC-4K-SCALER-C_01","Sync_State","Connected","Presentation","2019-08-26 14:43:23.882+00","2019-08-26 16:03:31.287+00","juvysfrf_1105","Aviva_juvysfrf","Meeting Room","P3W","11th_floor","3-6",2,"00107FA554D2",NULL,"online","2019-04-12 22:05:43.494+00","2019-04-12 22:05:43.494+00","01:20:07.405"
"66188","juvysfrf_1105","Receiver","DM-RMC-4K-SCALER-C_01","Sync_State","Connected","Presentation","2019-08-26 17:08:38.365+00","2019-08-26 18:23:46.258+00","juvysfrf_1105","Aviva_juvysfrf","Meeting Room","P3W","11th_floor","3-6",2,"00107FA554D2",NULL,"online","2019-04-12 22:05:43.494+00","2019-04-12 22:05:43.494+00","01:15:07.893"
"66653","juvysfrf_1105","Receiver","DM-RMC-4K-SCALER-C_01","Sync_State","Connected","Presentation","2019-08-26 20:23:57.023+00","2019-08-26 20:28:58.146+00","juvysfrf_1105","Aviva_juvysfrf","Meeting Room","P3W","11th_floor","3-6",2,"00107FA554D2",NULL,"online","2019-04-12 22:05:43.494+00","2019-04-12 22:05:43.494+00","00:05:01.123"
"64581","juvysfrf_1105","Receiver","DM-RMC-4K-SCALER-C_01","Sync_State","Connected","Presentation","2019-08-23 14:01:17.971+00","2019-08-23 14:26:20.072+00","juvysfrf_1105","Aviva_juvysfrf","Meeting Room","P3W","11th_floor","3-6",2,"00107FA554D2",NULL,"online","2019-04-12 22:05:43.494+00","2019-04-12 22:05:43.494+00","00:25:02.101"
"75931","juvysfrf_1105","Receiver","DM-RMC-4K-SCALER-C_01","Sync_State","Connected","Presentation","2019-09-05 18:07:11.945+00","2019-09-05 19:02:16.848+00","juvysfrf_1105","Aviva_juvysfrf","Meeting Room","P3W","11th_floor","3-6",2,"00107FA554D2",NULL,"online","2019-04-12 22:05:43.494+00","2019-04-12 22:05:43.494+00","00:55:04.903"
"65614","juvysfrf_1105","Receiver","DM-RMC-4K-SCALER-C_01","Sync_State","Connected","Presentation","2019-08-26 14:03:20.602+00","2019-08-26 14:28:22.222+00","juvysfrf_1105","Aviva_juvysfrf","Meeting Room","P3W","11th_floor","3-6",2,"00107FA554D2",NULL,"online","2019-04-12 22:05:43.494+00","2019-04-12 22:05:43.494+00","00:25:01.62"
"66393","juvysfrf_1105","Receiver","DM-RMC-4K-SCALER-C_01","Sync_State","Connected","Presentation","2019-08-26 18:33:46.96+00","2019-08-26 19:03:50.142+00","juvysfrf_1105","Aviva_juvysfrf","Meeting Room","P3W","11th_floor","3-6",2,"00107FA554D2",NULL,"online","2019-04-12 22:05:43.494+00","2019-04-12 22:05:43.494+00","00:30:03.182"
"66544","juvysfrf_1105","Receiver","DM-RMC-4K-SCALER-C_01","Sync_State","Connected","Presentation","2019-08-26 19:23:51.047+00","2019-08-26 20:03:55.334+00","juvysfrf_1105","Aviva_juvysfrf","Meeting Room","P3W","11th_floor","3-6",2,"00107FA554D2",NULL,"online","2019-04-12 22:05:43.494+00","2019-04-12 22:05:43.494+00","00:40:04.287"
"65875","juvysfrf_1105","Receiver","DM-RMC-4K-SCALER-C_01","Sync_State","Connected","Presentation","2019-08-26 15:03:26.869+00","2019-08-26 16:03:31.287+00","juvysfrf_1105","Aviva_juvysfrf","Meeting Room","P3W","11th_floor","3-6",2,"00107FA554D2",NULL,"online","2019-04-12 22:05:43.494+00","2019-04-12 22:05:43.494+00","01:00:04.418"
"65110","juvysfrf_1105","Receiver","DM-RMC-4K-SCALER-C_01","Sync_State","Connected","Presentation","2019-08-23 18:06:42.771+00","2019-08-23 19:01:46.968+00","juvysfrf_1105","Aviva_juvysfrf","Meeting Room","P3W","11th_floor","3-6",2,"00107FA554D2",NULL,"online","2019-04-12 22:05:43.494+00","2019-04-12 22:05:43.494+00","00:55:04.197"
"66636","juvysfrf_1105","Receiver","DM-RMC-4K-SCALER-C_01","Sync_State","Connected","Presentation","2019-08-26 20:13:55.831+00","2019-08-26 20:28:58.146+00","juvysfrf_1105","Aviva_juvysfrf","Meeting Room","P3W","11th_floor","3-6",2,"00107FA554D2",NULL,"online","2019-04-12 22:05:43.494+00","2019-04-12 22:05:43.494+00","00:15:02.315"
"66561","juvysfrf_1105","Receiver","DM-RMC-4K-SCALER-C_01","Sync_State","Connected","Presentation","2019-08-26 19:33:52.281+00","2019-08-26 20:03:55.334+00","juvysfrf_1105","Aviva_juvysfrf","Meeting Room","P3W","11th_floor","3-6",2,"00107FA554D2",NULL,"online","2019-04-12 22:05:43.494+00","2019-04-12 22:05:43.494+00","00:30:03.053"
"66853","juvysfrf_1105","Receiver","DM-RMC-4K-SCALER-C_01","Sync_State","Connected","Presentation","2019-08-27 13:00:34.328+00","2019-08-27 13:30:38.825+00","juvysfrf_1105","Aviva_juvysfrf","Meeting Room","P3W","11th_floor","3-6",2,"00107FA554D2",NULL,"online","2019-04-12 22:05:43.494+00","2019-04-12 22:05:43.494+00","00:30:04.497"
"66624","juvysfrf_1105","Receiver","DM-RMC-4K-SCALER-C_01","Sync_State","Connected","Presentation","2019-08-26 20:08:56.163+00","2019-08-27 13:30:38.825+00","juvysfrf_1105","Aviva_juvysfrf","Meeting Room","P3W","11th_floor","3-6",2,"00107FA554D2",NULL,"online","2019-04-12 22:05:43.494+00","2019-04-12 22:05:43.494+00","17:21:42.662"
"67007","juvysfrf_1105","Receiver","DM-RMC-4K-SCALER-C_01","Sync_State","Connected","Presentation","2019-08-27 14:00:40.74+00","2019-08-27 14:30:43.109+00","juvysfrf_1105","Aviva_juvysfrf","Meeting Room","P3W","11th_floor","3-6",2,"00107FA554D2",NULL,"online","2019-04-12 22:05:43.494+00","2019-04-12 22:05:43.494+00","00:30:02.369"
"76635","juvysfrf_1105","Receiver","DM-RMC-4K-SCALER-C_01","Sync_State","Connected","Presentation","2019-09-06 13:49:07.043+00","2019-09-06 14:34:12.654+00","juvysfrf_1105","Aviva_juvysfrf","Meeting Room","P3W","11th_floor","3-6",2,"00107FA554D2",NULL,"online","2019-04-12 22:05:43.494+00","2019-04-12 22:05:43.494+00","00:45:05.611"
"67165","juvysfrf_1105","Receiver","DM-RMC-4K-SCALER-C_01","Sync_State","Connected","Presentation","2019-08-27 14:35:44.747+00","2019-08-27 14:55:45.946+00","juvysfrf_1105","Aviva_juvysfrf","Meeting Room","P3W","11th_floor","3-6",2,"00107FA554D2",NULL,"online","2019-04-12 22:05:43.494+00","2019-04-12 22:05:43.494+00","00:20:01.199"
"67459","juvysfrf_1105","Receiver","DM-RMC-4K-SCALER-C_01","Sync_State","Connected","Presentation","2019-08-27 16:05:54.075+00","2019-08-27 17:00:59.003+00","juvysfrf_1105","Aviva_juvysfrf","Meeting Room","P3W","11th_floor","3-6",2,"00107FA554D2",NULL,"online","2019-04-12 22:05:43.494+00","2019-04-12 22:05:43.494+00","00:55:04.928"
"78300","juvysfrf_1105","Receiver","DM-RMC-4K-SCALER-C_01","Sync_State","Connected","Presentation","2019-09-09 15:51:21.002+00","2019-09-09 15:56:22.068+00","juvysfrf_1105","Aviva_juvysfrf","Meeting Room","P3W","11th_floor","3-6",2,"00107FA554D2",NULL,"online","2019-04-12 22:05:43.494+00","2019-04-12 22:05:43.494+00","00:05:01.066"
"67693","juvysfrf_1105","Receiver","DM-RMC-4K-SCALER-C_01","Sync_State","Connected","Presentation","2019-08-27 17:36:01.572+00","2019-08-27 17:56:03.512+00","juvysfrf_1105","Aviva_juvysfrf","Meeting Room","P3W","11th_floor","3-6",2,"00107FA554D2",NULL,"online","2019-04-12 22:05:43.494+00","2019-04-12 22:05:43.494+00","00:20:01.94"
"67745","juvysfrf_1105","Receiver","DM-RMC-4K-SCALER-C_01","Sync_State","Connected","Presentation","2019-08-27 18:01:05.061+00","2019-08-27 18:16:06.015+00","juvysfrf_1105","Aviva_juvysfrf","Meeting Room","P3W","11th_floor","3-6",2,"00107FA554D2",NULL,"online","2019-04-12 22:05:43.494+00","2019-04-12 22:05:43.494+00","00:15:00.954"
"67867","juvysfrf_1105","Receiver","DM-RMC-4K-SCALER-C_01","Sync_State","Connected","Presentation","2019-08-27 18:31:07.455+00","2019-08-27 19:16:11.049+00","juvysfrf_1105","Aviva_juvysfrf","Meeting Room","P3W","11th_floor","3-6",2,"00107FA554D2",NULL,"online","2019-04-12 22:05:43.494+00","2019-04-12 22:05:43.494+00","00:45:03.594"
"68054","juvysfrf_1105","Receiver","DM-RMC-4K-SCALER-C_01","Sync_State","Connected","Presentation","2019-08-27 19:21:12.463+00","2019-08-27 19:31:13.101+00","juvysfrf_1105","Aviva_juvysfrf","Meeting Room","P3W","11th_floor","3-6",2,"00107FA554D2",NULL,"online","2019-04-12 22:05:43.494+00","2019-04-12 22:05:43.494+00","00:10:00.638"
"68111","juvysfrf_1105","Receiver","DM-RMC-4K-SCALER-C_01","Sync_State","Connected","Presentation","2019-08-27 19:36:14.875+00","2019-08-27 20:06:16.634+00","juvysfrf_1105","Aviva_juvysfrf","Meeting Room","P3W","11th_floor","3-6",2,"00107FA554D2",NULL,"online","2019-04-12 22:05:43.494+00","2019-04-12 22:05:43.494+00","00:30:01.759"
"68227","juvysfrf_1105","Receiver","DM-RMC-4K-SCALER-C_01","Sync_State","Connected","Presentation","2019-08-27 20:21:17.925+00","2019-08-27 20:51:21.361+00","juvysfrf_1105","Aviva_juvysfrf","Meeting Room","P3W","11th_floor","3-6",2,"00107FA554D2",NULL,"online","2019-04-12 22:05:43.494+00","2019-04-12 22:05:43.494+00","00:30:03.436"
"68216","juvysfrf_1105","Receiver","DM-RMC-4K-SCALER-C_01","Sync_State","Connected","Presentation","2019-08-27 20:11:17.004+00","2019-08-27 20:51:21.361+00","juvysfrf_1105","Aviva_juvysfrf","Meeting Room","P3W","11th_floor","3-6",2,"00107FA554D2",NULL,"online","2019-04-12 22:05:43.494+00","2019-04-12 22:05:43.494+00","00:40:04.357"
"68596","juvysfrf_1105","Receiver","DM-RMC-4K-SCALER-C_01","Sync_State","Connected","Presentation","2019-08-28 14:03:02.213+00","2019-08-28 14:28:03.917+00","juvysfrf_1105","Aviva_juvysfrf","Meeting Room","P3W","11th_floor","3-6",2,"00107FA554D2",NULL,"online","2019-04-12 22:05:43.494+00","2019-04-12 22:05:43.494+00","00:25:01.704"
"81988","juvysfrf_1105","Receiver","DM-RMC-4K-SCALER-C_01","Sync_State","Connected","Presentation","2019-09-11 20:51:33.815+00","2019-09-11 21:01:34.316+00","juvysfrf_1105","Aviva_juvysfrf","Meeting Room","P3W","11th_floor","3-6",2,"00107FA554D2",NULL,"online","2019-04-12 22:05:43.494+00","2019-04-12 22:05:43.494+00","00:10:00.501"
"68768","juvysfrf_1105","Receiver","DM-RMC-4K-SCALER-C_01","Sync_State","Connected","Presentation","2019-08-28 14:38:05.568+00","2019-08-28 15:38:11.992+00","juvysfrf_1105","Aviva_juvysfrf","Meeting Room","P3W","11th_floor","3-6",2,"00107FA554D2",NULL,"online","2019-04-12 22:05:43.494+00","2019-04-12 22:05:43.494+00","01:00:06.424"
"84503","juvysfrf_1105","Receiver","DM-RMC-4K-SCALER-C_01","Sync_State","Connected","Presentation","2019-09-16 14:02:38.486+00","2019-09-16 15:32:47.249+00","juvysfrf_1105","Aviva_juvysfrf","Meeting Room","P3W","11th_floor","3-6",2,"00107FA554D2",NULL,"online","2019-04-12 22:05:43.494+00","2019-04-12 22:05:43.494+00","01:30:08.763"
"75663","juvysfrf_1105","Receiver","DM-RMC-4K-SCALER-C_01","Sync_State","Connected","Presentation","2019-09-05 16:27:02.74+00","2019-09-05 16:57:06.138+00","juvysfrf_1105","Aviva_juvysfrf","Meeting Room","P3W","11th_floor","3-6",2,"00107FA554D2",NULL,"online","2019-04-12 22:05:43.494+00","2019-04-12 22:05:43.494+00","00:30:03.398"
"69167","juvysfrf_1105","Receiver","DM-RMC-4K-SCALER-C_01","Sync_State","Connected","Presentation","2019-08-28 17:03:19.593+00","2019-08-28 18:23:27.15+00","juvysfrf_1105","Aviva_juvysfrf","Meeting Room","P3W","11th_floor","3-6",2,"00107FA554D2",NULL,"online","2019-04-12 22:05:43.494+00","2019-04-12 22:05:43.494+00","01:20:07.557"
"69324","juvysfrf_1105","Receiver","DM-RMC-4K-SCALER-C_01","Sync_State","Connected","Presentation","2019-08-28 18:03:25.092+00","2019-08-28 18:23:27.15+00","juvysfrf_1105","Aviva_juvysfrf","Meeting Room","P3W","11th_floor","3-6",2,"00107FA554D2",NULL,"online","2019-04-12 22:05:43.494+00","2019-04-12 22:05:43.494+00","00:20:02.058"
"80595","juvysfrf_1105","Receiver","DM-RMC-4K-SCALER-C_01","Sync_State","Connected","Presentation","2019-09-10 19:54:06.823+00","2019-09-11 14:35:57.307+00","juvysfrf_1105","Aviva_juvysfrf","Meeting Room","P3W","11th_floor","3-6",2,"00107FA554D2",NULL,"online","2019-04-12 22:05:43.494+00","2019-04-12 22:05:43.494+00","18:41:50.484"
"69517","juvysfrf_1105","Receiver","DM-RMC-4K-SCALER-C_01","Sync_State","Connected","Presentation","2019-08-28 18:38:29+00","2019-08-28 19:03:32.077+00","juvysfrf_1105","Aviva_juvysfrf","Meeting Room","P3W","11th_floor","3-6",2,"00107FA554D2",NULL,"online","2019-04-12 22:05:43.494+00","2019-04-12 22:05:43.494+00","00:25:03.077"
"69529","juvysfrf_1105","Receiver","DM-RMC-4K-SCALER-C_01","Sync_State","Connected","Presentation","2019-08-28 18:43:29.48+00","2019-08-28 19:03:32.077+00","juvysfrf_1105","Aviva_juvysfrf","Meeting Room","P3W","11th_floor","3-6",2,"00107FA554D2",NULL,"online","2019-04-12 22:05:43.494+00","2019-04-12 22:05:43.494+00","00:20:02.597"
"69790","juvysfrf_1105","Receiver","DM-RMC-4K-SCALER-C_01","Sync_State","Connected","Presentation","2019-08-28 20:13:37.948+00","2019-08-28 21:08:43.155+00","juvysfrf_1105","Aviva_juvysfrf","Meeting Room","P3W","11th_floor","3-6",2,"00107FA554D2",NULL,"online","2019-04-12 22:05:43.494+00","2019-04-12 22:05:43.494+00","00:55:05.207"
"75193","juvysfrf_1105","Receiver","DM-RMC-4K-SCALER-C_01","Sync_State","Connected","Presentation","2019-09-05 14:01:48.476+00","2019-09-05 14:31:50.748+00","juvysfrf_1105","Aviva_juvysfrf","Meeting Room","P3W","11th_floor","3-6",2,"00107FA554D2",NULL,"online","2019-04-12 22:05:43.494+00","2019-04-12 22:05:43.494+00","00:30:02.272"
"70049","juvysfrf_1105","Receiver","DM-RMC-4K-SCALER-C_01","Sync_State","Connected","Presentation","2019-08-29 13:35:20.233+00","2019-08-29 14:00:22.465+00","juvysfrf_1105","Aviva_juvysfrf","Meeting Room","P3W","11th_floor","3-6",2,"00107FA554D2",NULL,"online","2019-04-12 22:05:43.494+00","2019-04-12 22:05:43.494+00","00:25:02.232"
"70129","juvysfrf_1105","Receiver","DM-RMC-4K-SCALER-C_01","Sync_State","Connected","Presentation","2019-08-29 14:05:23.189+00","2019-08-29 14:25:25.604+00","juvysfrf_1105","Aviva_juvysfrf","Meeting Room","P3W","11th_floor","3-6",2,"00107FA554D2",NULL,"online","2019-04-12 22:05:43.494+00","2019-04-12 22:05:43.494+00","00:20:02.415"
"78324","juvysfrf_1105","Receiver","DM-RMC-4K-SCALER-C_01","Sync_State","Connected","Presentation","2019-09-09 16:06:23.986+00","2019-09-09 17:01:28.185+00","juvysfrf_1105","Aviva_juvysfrf","Meeting Room","P3W","11th_floor","3-6",2,"00107FA554D2",NULL,"online","2019-04-12 22:05:43.494+00","2019-04-12 22:05:43.494+00","00:55:04.199"
"70280","juvysfrf_1105","Receiver","DM-RMC-4K-SCALER-C_01","Sync_State","Connected","Presentation","2019-08-29 14:40:26.192+00","2019-08-29 16:25:36.049+00","juvysfrf_1105","Aviva_juvysfrf","Meeting Room","P3W","11th_floor","3-6",2,"00107FA554D2",NULL,"online","2019-04-12 22:05:43.494+00","2019-04-12 22:05:43.494+00","01:45:09.857"
"83500","juvysfrf_1105","Receiver","DM-RMC-4K-SCALER-C_01","Sync_State","Connected","Presentation","2019-09-13 14:00:35.282+00","2019-09-13 15:00:41.548+00","juvysfrf_1105","Aviva_juvysfrf","Meeting Room","P3W","11th_floor","3-6",2,"00107FA554D2",NULL,"online","2019-04-12 22:05:43.494+00","2019-04-12 22:05:43.494+00","01:00:06.266"
"70369","juvysfrf_1105","Receiver","DM-RMC-4K-SCALER-C_01","Sync_State","Connected","Presentation","2019-08-29 15:05:28.51+00","2019-08-29 16:25:36.049+00","juvysfrf_1105","Aviva_juvysfrf","Meeting Room","P3W","11th_floor","3-6",2,"00107FA554D2",NULL,"online","2019-04-12 22:05:43.494+00","2019-04-12 22:05:43.494+00","01:20:07.539"
"71048","juvysfrf_1105","Receiver","DM-RMC-4K-SCALER-C_01","Sync_State","Connected","Presentation","2019-08-29 19:20:53.812+00","2019-08-29 19:55:57.047+00","juvysfrf_1105","Aviva_juvysfrf","Meeting Room","P3W","11th_floor","3-6",2,"00107FA554D2",NULL,"online","2019-04-12 22:05:43.494+00","2019-04-12 22:05:43.494+00","00:35:03.235"
"70618","juvysfrf_1105","Receiver","DM-RMC-4K-SCALER-C_01","Sync_State","Connected","Presentation","2019-08-29 17:05:40.772+00","2019-08-29 17:25:42.018+00","juvysfrf_1105","Aviva_juvysfrf","Meeting Room","P3W","11th_floor","3-6",2,"00107FA554D2",NULL,"online","2019-04-12 22:05:43.494+00","2019-04-12 22:05:43.494+00","00:20:01.246"
"70855","juvysfrf_1105","Receiver","DM-RMC-4K-SCALER-C_01","Sync_State","Connected","Presentation","2019-08-29 18:30:48.474+00","2019-08-29 19:00:52.172+00","juvysfrf_1105","Aviva_juvysfrf","Meeting Room","P3W","11th_floor","3-6",2,"00107FA554D2",NULL,"online","2019-04-12 22:05:43.494+00","2019-04-12 22:05:43.494+00","00:30:03.698"
"70668","juvysfrf_1105","Receiver","DM-RMC-4K-SCALER-C_01","Sync_State","Connected","Presentation","2019-08-29 17:35:43.1+00","2019-08-29 19:00:52.172+00","juvysfrf_1105","Aviva_juvysfrf","Meeting Room","P3W","11th_floor","3-6",2,"00107FA554D2",NULL,"online","2019-04-12 22:05:43.494+00","2019-04-12 22:05:43.494+00","01:25:09.072"
"71478","juvysfrf_1105","Receiver","DM-RMC-4K-SCALER-C_01","Sync_State","Connected","Presentation","2019-08-30 13:37:41.272+00","2019-08-30 14:17:45.198+00","juvysfrf_1105","Aviva_juvysfrf","Meeting Room","P3W","11th_floor","3-6",2,"00107FA554D2",NULL,"online","2019-04-12 22:05:43.494+00","2019-04-12 22:05:43.494+00","00:40:03.926"
"70465","juvysfrf_1105","Receiver","DM-RMC-4K-SCALER-C_01","Sync_State","Connected","Presentation","2019-08-29 15:35:30.901+00","2019-08-29 16:25:36.049+00","juvysfrf_1105","Aviva_juvysfrf","Meeting Room","P3W","11th_floor","3-6",2,"00107FA554D2",NULL,"online","2019-04-12 22:05:43.494+00","2019-04-12 22:05:43.494+00","00:50:05.148"
"71523","juvysfrf_1105","Receiver","DM-RMC-4K-SCALER-C_01","Sync_State","Connected","Presentation","2019-08-30 14:02:43.361+00","2019-08-30 14:17:45.198+00","juvysfrf_1105","Aviva_juvysfrf","Meeting Room","P3W","11th_floor","3-6",2,"00107FA554D2",NULL,"online","2019-04-12 22:05:43.494+00","2019-04-12 22:05:43.494+00","00:15:01.837"
"71842","juvysfrf_1105","Receiver","DM-RMC-4K-SCALER-C_01","Sync_State","Connected","Presentation","2019-08-30 17:03:01.135+00","2019-08-30 17:13:02.44+00","juvysfrf_1105","Aviva_juvysfrf","Meeting Room","P3W","11th_floor","3-6",2,"00107FA554D2",NULL,"online","2019-04-12 22:05:43.494+00","2019-04-12 22:05:43.494+00","00:10:01.305"
"81541","juvysfrf_1105","Receiver","DM-RMC-4K-SCALER-C_01","Sync_State","Connected","Presentation","2019-09-11 17:36:14.531+00","2019-09-11 17:56:16.531+00","juvysfrf_1105","Aviva_juvysfrf","Meeting Room","P3W","11th_floor","3-6",2,"00107FA554D2",NULL,"online","2019-04-12 22:05:43.494+00","2019-04-12 22:05:43.494+00","00:20:02"
"72535","juvysfrf_1105","Receiver","DM-RMC-4K-SCALER-C_01","Sync_State","Connected","Presentation","2019-09-03 15:12:12.971+00","2019-09-03 15:27:14.172+00","juvysfrf_1105","Aviva_juvysfrf","Meeting Room","P3W","11th_floor","3-6",2,"00107FA554D2",NULL,"online","2019-04-12 22:05:43.494+00","2019-04-12 22:05:43.494+00","00:15:01.201"
"80611","juvysfrf_1105","Receiver","DM-RMC-4K-SCALER-C_01","Sync_State","Connected","Presentation","2019-09-10 20:04:08.293+00","2019-09-10 21:19:14.812+00","juvysfrf_1105","Aviva_juvysfrf","Meeting Room","P3W","11th_floor","3-6",2,"00107FA554D2",NULL,"online","2019-04-12 22:05:43.494+00","2019-04-12 22:05:43.494+00","01:15:06.519"
"78079","juvysfrf_1105","Receiver","DM-RMC-4K-SCALER-C_01","Sync_State","Connected","Presentation","2019-09-09 14:41:15.588+00","2019-09-09 15:01:18.684+00","juvysfrf_1105","Aviva_juvysfrf","Meeting Room","P3W","11th_floor","3-6",2,"00107FA554D2",NULL,"online","2019-04-12 22:05:43.494+00","2019-04-12 22:05:43.494+00","00:20:03.096"
"85231","juvysfrf_1105","Receiver","DM-RMC-4K-SCALER-C_01","Sync_State","Connected","Presentation","2019-09-16 19:23:08.848+00","2019-09-16 20:08:13.886+00","juvysfrf_1105","Aviva_juvysfrf","Meeting Room","P3W","11th_floor","3-6",2,"00107FA554D2",NULL,"online","2019-04-12 22:05:43.494+00","2019-04-12 22:05:43.494+00","00:45:05.038"
"79848","juvysfrf_1105","Receiver","DM-RMC-4K-SCALER-C_01","Sync_State","Connected","Presentation","2019-09-10 15:33:41.442+00","2019-09-10 16:58:48.986+00","juvysfrf_1105","Aviva_juvysfrf","Meeting Room","P3W","11th_floor","3-6",2,"00107FA554D2",NULL,"online","2019-04-12 22:05:43.494+00","2019-04-12 22:05:43.494+00","01:25:07.544"
"74660","juvysfrf_1105","Receiver","DM-RMC-4K-SCALER-C_01","Sync_State","Connected","Presentation","2019-09-04 19:24:58.162+00","2019-09-04 20:15:03.59+00","juvysfrf_1105","Aviva_juvysfrf","Meeting Room","P3W","11th_floor","3-6",2,"00107FA554D2",NULL,"online","2019-04-12 22:05:43.494+00","2019-04-12 22:05:43.494+00","00:50:05.428"
"80633","juvysfrf_1105","Receiver","DM-RMC-4K-SCALER-C_01","Sync_State","Connected","Presentation","2019-09-10 20:09:07.799+00","2019-09-10 21:19:14.812+00","juvysfrf_1105","Aviva_juvysfrf","Meeting Room","P3W","11th_floor","3-6",2,"00107FA554D2",NULL,"online","2019-04-12 22:05:43.494+00","2019-04-12 22:05:43.494+00","01:10:07.013"
"81330","juvysfrf_1105","Receiver","DM-RMC-4K-SCALER-C_01","Sync_State","Connected","Presentation","2019-09-11 15:41:03.676+00","2019-09-11 15:51:03.884+00","juvysfrf_1105","Aviva_juvysfrf","Meeting Room","P3W","11th_floor","3-6",2,"00107FA554D2",NULL,"online","2019-04-12 22:05:43.494+00","2019-04-12 22:05:43.494+00","00:10:00.208"
"78090","juvysfrf_1105","Receiver","DM-RMC-4K-SCALER-C_01","Sync_State","Connected","Presentation","2019-09-09 14:51:16.186+00","2019-09-09 15:01:18.684+00","juvysfrf_1105","Aviva_juvysfrf","Meeting Room","P3W","11th_floor","3-6",2,"00107FA554D2",NULL,"online","2019-04-12 22:05:43.494+00","2019-04-12 22:05:43.494+00","00:10:02.498"
"80387","juvysfrf_1105","Receiver","DM-RMC-4K-SCALER-C_01","Sync_State","Connected","Presentation","2019-09-10 18:44:00.174+00","2019-09-10 19:44:05.792+00","juvysfrf_1105","Aviva_juvysfrf","Meeting Room","P3W","11th_floor","3-6",2,"00107FA554D2",NULL,"online","2019-04-12 22:05:43.494+00","2019-04-12 22:05:43.494+00","01:00:05.618"
"76556","juvysfrf_1105","Receiver","DM-RMC-4K-SCALER-C_01","Sync_State","Connected","Presentation","2019-09-06 13:09:04.028+00","2019-09-06 13:34:06.284+00","juvysfrf_1105","Aviva_juvysfrf","Meeting Room","P3W","11th_floor","3-6",2,"00107FA554D2",NULL,"online","2019-04-12 22:05:43.494+00","2019-04-12 22:05:43.494+00","00:25:02.256"
"79616","juvysfrf_1105","Receiver","DM-RMC-4K-SCALER-C_01","Sync_State","Connected","Presentation","2019-09-10 14:33:35.662+00","2019-09-10 14:58:38.263+00","juvysfrf_1105","Aviva_juvysfrf","Meeting Room","P3W","11th_floor","3-6",2,"00107FA554D2",NULL,"online","2019-04-12 22:05:43.494+00","2019-04-12 22:05:43.494+00","00:25:02.601"
"82517","juvysfrf_1105","Receiver","DM-RMC-4K-SCALER-C_01","Sync_State","Connected","Presentation","2019-09-12 15:18:21.268+00","2019-09-12 15:53:25.186+00","juvysfrf_1105","Aviva_juvysfrf","Meeting Room","P3W","11th_floor","3-6",2,"00107FA554D2",NULL,"online","2019-04-12 22:05:43.494+00","2019-04-12 22:05:43.494+00","00:35:03.918"
"80652","juvysfrf_1105","Receiver","DM-RMC-4K-SCALER-C_01","Sync_State","Connected","Presentation","2019-09-10 20:34:11.141+00","2019-09-10 21:19:14.812+00","juvysfrf_1105","Aviva_juvysfrf","Meeting Room","P3W","11th_floor","3-6",2,"00107FA554D2",NULL,"online","2019-04-12 22:05:43.494+00","2019-04-12 22:05:43.494+00","00:45:03.671"
"82269","juvysfrf_1105","Receiver","DM-RMC-4K-SCALER-C_01","Sync_State","Connected","Presentation","2019-09-12 14:03:15.092+00","2019-09-12 14:28:17.271+00","juvysfrf_1105","Aviva_juvysfrf","Meeting Room","P3W","11th_floor","3-6",2,"00107FA554D2",NULL,"online","2019-04-12 22:05:43.494+00","2019-04-12 22:05:43.494+00","00:25:02.179"
"81352","juvysfrf_1105","Receiver","DM-RMC-4K-SCALER-C_01","Sync_State","Connected","Presentation","2019-09-11 15:56:04.157+00","2019-09-11 16:36:08.347+00","juvysfrf_1105","Aviva_juvysfrf","Meeting Room","P3W","11th_floor","3-6",2,"00107FA554D2",NULL,"online","2019-04-12 22:05:43.494+00","2019-04-12 22:05:43.494+00","00:40:04.19"
"74567","juvysfrf_1105","Receiver","DM-RMC-4K-SCALER-C_01","Sync_State","Connected","Presentation","2019-09-04 19:04:57.245+00","2019-09-05 13:46:46.161+00","juvysfrf_1105","Aviva_juvysfrf","Meeting Room","P3W","11th_floor","3-6",2,"00107FA554D2",NULL,"online","2019-04-12 22:05:43.494+00","2019-04-12 22:05:43.494+00","18:41:48.916"
"82992","juvysfrf_1105","Receiver","DM-RMC-4K-SCALER-C_01","Sync_State","Connected","Presentation","2019-09-12 18:43:41.93+00","2019-09-12 19:43:48.125+00","juvysfrf_1105","Aviva_juvysfrf","Meeting Room","P3W","11th_floor","3-6",2,"00107FA554D2",NULL,"online","2019-04-12 22:05:43.494+00","2019-04-12 22:05:43.494+00","01:00:06.195"
"73296","juvysfrf_1105","Receiver","DM-RMC-4K-SCALER-C_01","Sync_State","Connected","Presentation","2019-09-03 20:12:42.236+00","2019-09-03 20:22:43.031+00","juvysfrf_1105","Aviva_juvysfrf","Meeting Room","P3W","11th_floor","3-6",2,"00107FA554D2",NULL,"online","2019-04-12 22:05:43.494+00","2019-04-12 22:05:43.494+00","00:10:00.795"
"73881","juvysfrf_1105","Receiver","DM-RMC-4K-SCALER-C_01","Sync_State","Connected","Presentation","2019-09-04 15:09:34.074+00","2019-09-04 15:44:36.909+00","juvysfrf_1105","Aviva_juvysfrf","Meeting Room","P3W","11th_floor","3-6",2,"00107FA554D2",NULL,"online","2019-04-12 22:05:43.494+00","2019-04-12 22:05:43.494+00","00:35:02.835"
"74718","juvysfrf_1105","Receiver","DM-RMC-4K-SCALER-C_01","Sync_State","Connected","Presentation","2019-09-04 19:45:00.086+00","2019-09-04 20:15:03.59+00","juvysfrf_1105","Aviva_juvysfrf","Meeting Room","P3W","11th_floor","3-6",2,"00107FA554D2",NULL,"online","2019-04-12 22:05:43.494+00","2019-04-12 22:05:43.494+00","00:30:03.504"
"78162","juvysfrf_1105","Receiver","DM-RMC-4K-SCALER-C_01","Sync_State","Connected","Presentation","2019-09-09 15:06:18.307+00","2019-09-09 15:31:19.448+00","juvysfrf_1105","Aviva_juvysfrf","Meeting Room","P3W","11th_floor","3-6",2,"00107FA554D2",NULL,"online","2019-04-12 22:05:43.494+00","2019-04-12 22:05:43.494+00","00:25:01.141"
"75333","juvysfrf_1105","Receiver","DM-RMC-4K-SCALER-C_01","Sync_State","Connected","Presentation","2019-09-05 14:36:51.03+00","2019-09-05 14:56:54.036+00","juvysfrf_1105","Aviva_juvysfrf","Meeting Room","P3W","11th_floor","3-6",2,"00107FA554D2",NULL,"online","2019-04-12 22:05:43.494+00","2019-04-12 22:05:43.494+00","00:20:03.006"
"80449","juvysfrf_1105","Receiver","DM-RMC-4K-SCALER-C_01","Sync_State","Connected","Presentation","2019-09-10 19:04:02.278+00","2019-09-10 19:44:05.792+00","juvysfrf_1105","Aviva_juvysfrf","Meeting Room","P3W","11th_floor","3-6",2,"00107FA554D2",NULL,"online","2019-04-12 22:05:43.494+00","2019-04-12 22:05:43.494+00","00:40:03.514"
"77882","juvysfrf_1105","Receiver","DM-RMC-4K-SCALER-C_01","Sync_State","Connected","Presentation","2019-09-09 13:56:10.348+00","2019-09-09 14:31:15.152+00","juvysfrf_1105","Aviva_juvysfrf","Meeting Room","P3W","11th_floor","3-6",2,"00107FA554D2",NULL,"online","2019-04-12 22:05:43.494+00","2019-04-12 22:05:43.494+00","00:35:04.804"
"78690","juvysfrf_1105","Receiver","DM-RMC-4K-SCALER-C_01","Sync_State","Connected","Presentation","2019-09-09 18:06:36.672+00","2019-09-09 18:21:37.993+00","juvysfrf_1105","Aviva_juvysfrf","Meeting Room","P3W","11th_floor","3-6",2,"00107FA554D2",NULL,"online","2019-04-12 22:05:43.494+00","2019-04-12 22:05:43.494+00","00:15:01.321"
"79672","juvysfrf_1105","Receiver","DM-RMC-4K-SCALER-C_01","Sync_State","Connected","Presentation","2019-09-10 14:43:35.883+00","2019-09-10 14:58:38.263+00","juvysfrf_1105","Aviva_juvysfrf","Meeting Room","P3W","11th_floor","3-6",2,"00107FA554D2",NULL,"online","2019-04-12 22:05:43.494+00","2019-04-12 22:05:43.494+00","00:15:02.38"
"73081","juvysfrf_1105","Receiver","DM-RMC-4K-SCALER-C_01","Sync_State","Connected","Presentation","2019-09-03 19:02:36.331+00","2019-09-03 19:32:38.459+00","juvysfrf_1105","Aviva_juvysfrf","Meeting Room","P3W","11th_floor","3-6",2,"00107FA554D2",NULL,"online","2019-04-12 22:05:43.494+00","2019-04-12 22:05:43.494+00","00:30:02.128"
"72983","juvysfrf_1105","Receiver","DM-RMC-4K-SCALER-C_01","Sync_State","Connected","Presentation","2019-09-03 18:32:33.097+00","2019-09-03 18:37:32.261+00","juvysfrf_1105","Aviva_juvysfrf","Meeting Room","P3W","11th_floor","3-6",2,"00107FA554D2",NULL,"online","2019-04-12 22:05:43.494+00","2019-04-12 22:05:43.494+00","00:04:59.164"
"73784","juvysfrf_1105","Receiver","DM-RMC-4K-SCALER-C_01","Sync_State","Connected","Presentation","2019-09-04 14:39:30.267+00","2019-09-04 15:04:33.995+00","juvysfrf_1105","Aviva_juvysfrf","Meeting Room","P3W","11th_floor","3-6",2,"00107FA554D2",NULL,"online","2019-04-12 22:05:43.494+00","2019-04-12 22:05:43.494+00","00:25:03.728"
"74741","juvysfrf_1105","Receiver","DM-RMC-4K-SCALER-C_01","Sync_State","Connected","Presentation","2019-09-04 19:55:00.775+00","2019-09-04 20:15:03.59+00","juvysfrf_1105","Aviva_juvysfrf","Meeting Room","P3W","11th_floor","3-6",2,"00107FA554D2",NULL,"online","2019-04-12 22:05:43.494+00","2019-04-12 22:05:43.494+00","00:20:02.815"
"80206","juvysfrf_1105","Receiver","DM-RMC-4K-SCALER-C_01","Sync_State","Connected","Presentation","2019-09-10 17:53:55.132+00","2019-09-10 17:58:55.901+00","juvysfrf_1105","Aviva_juvysfrf","Meeting Room","P3W","11th_floor","3-6",2,"00107FA554D2",NULL,"online","2019-04-12 22:05:43.494+00","2019-04-12 22:05:43.494+00","00:05:00.769"
"77361","juvysfrf_1105","Receiver","DM-RMC-4K-SCALER-C_01","Sync_State","Connected","Presentation","2019-09-06 18:34:36.385+00","2019-09-06 19:04:40.061+00","juvysfrf_1105","Aviva_juvysfrf","Meeting Room","P3W","11th_floor","3-6",2,"00107FA554D2",NULL,"online","2019-04-12 22:05:43.494+00","2019-04-12 22:05:43.494+00","00:30:03.676"
"73224","juvysfrf_1105","Receiver","DM-RMC-4K-SCALER-C_01","Sync_State","Connected","Presentation","2019-09-03 19:37:38.332+00","2019-09-03 20:02:42.178+00","juvysfrf_1105","Aviva_juvysfrf","Meeting Room","P3W","11th_floor","3-6",2,"00107FA554D2",NULL,"online","2019-04-12 22:05:43.494+00","2019-04-12 22:05:43.494+00","00:25:03.846"
"83579","juvysfrf_1105","Receiver","DM-RMC-4K-SCALER-C_01","Sync_State","Connected","Presentation","2019-09-13 14:30:38.169+00","2019-09-13 15:00:41.548+00","juvysfrf_1105","Aviva_juvysfrf","Meeting Room","P3W","11th_floor","3-6",2,"00107FA554D2",NULL,"online","2019-04-12 22:05:43.494+00","2019-04-12 22:05:43.494+00","00:30:03.379"
"82600","juvysfrf_1105","Receiver","DM-RMC-4K-SCALER-C_01","Sync_State","Connected","Presentation","2019-09-12 15:48:23.971+00","2019-09-12 15:53:25.186+00","juvysfrf_1105","Aviva_juvysfrf","Meeting Room","P3W","11th_floor","3-6",2,"00107FA554D2",NULL,"online","2019-04-12 22:05:43.494+00","2019-04-12 22:05:43.494+00","00:05:01.215"
"80226","juvysfrf_1105","Receiver","DM-RMC-4K-SCALER-C_01","Sync_State","Connected","Presentation","2019-09-10 18:03:57.056+00","2019-09-10 18:33:59.67+00","juvysfrf_1105","Aviva_juvysfrf","Meeting Room","P3W","11th_floor","3-6",2,"00107FA554D2",NULL,"online","2019-04-12 22:05:43.494+00","2019-04-12 22:05:43.494+00","00:30:02.614"
"82119","juvysfrf_1105","Receiver","DM-RMC-4K-SCALER-C_01","Sync_State","Connected","Presentation","2019-09-12 12:33:05.156+00","2019-09-12 13:03:08.711+00","juvysfrf_1105","Aviva_juvysfrf","Meeting Room","P3W","11th_floor","3-6",2,"00107FA554D2",NULL,"online","2019-04-12 22:05:43.494+00","2019-04-12 22:05:43.494+00","00:30:03.555"
"80952","juvysfrf_1105","Receiver","DM-RMC-4K-SCALER-C_01","Sync_State","Connected","Presentation","2019-09-11 13:35:51.002+00","2019-09-11 14:35:57.307+00","juvysfrf_1105","Aviva_juvysfrf","Meeting Room","P3W","11th_floor","3-6",2,"00107FA554D2",NULL,"online","2019-04-12 22:05:43.494+00","2019-04-12 22:05:43.494+00","01:00:06.305"
"85695","juvysfrf_1105","Receiver","DM-RMC-4K-SCALER-C_01","Sync_State","Connected","Presentation","2019-09-17 14:04:59.472+00","2019-09-17 14:55:03.96+00","juvysfrf_1105","Aviva_juvysfrf","Meeting Room","P3W","11th_floor","3-6",2,"00107FA554D2",NULL,"online","2019-04-12 22:05:43.494+00","2019-04-12 22:05:43.494+00","00:50:04.488"
"86576","juvysfrf_1105","Receiver","DM-RMC-4K-SCALER-C_01","Sync_State","Connected","Presentation","2019-09-17 19:20:30.083+00","2019-09-17 19:25:31.426+00","juvysfrf_1105","Aviva_juvysfrf","Meeting Room","P3W","11th_floor","3-6",2,"00107FA554D2",NULL,"online","2019-04-12 22:05:43.494+00","2019-04-12 22:05:43.494+00","00:05:01.343"
"86531","juvysfrf_1105","Receiver","DM-RMC-4K-SCALER-C_01","Sync_State","Connected","Presentation","2019-09-17 19:05:28.803+00","2019-09-17 19:35:32.046+00","juvysfrf_1105","Aviva_juvysfrf","Meeting Room","P3W","11th_floor","3-6",2,"00107FA554D2",NULL,"online","2019-04-12 22:05:43.494+00","2019-04-12 22:05:43.494+00","00:30:03.243"
"86339","juvysfrf_1105","Receiver","DM-RMC-4K-SCALER-C_01","Sync_State","Connected","Presentation","2019-09-17 18:05:23.564+00","2019-09-17 18:40:26.398+00","juvysfrf_1105","Aviva_juvysfrf","Meeting Room","P3W","11th_floor","3-6",2,"00107FA554D2",NULL,"online","2019-04-12 22:05:43.494+00","2019-04-12 22:05:43.494+00","00:35:02.834"
"86272","juvysfrf_1105","Receiver","DM-RMC-4K-SCALER-C_01","Sync_State","Connected","Presentation","2019-09-17 17:45:21.423+00","2019-09-17 18:40:26.398+00","juvysfrf_1105","Aviva_juvysfrf","Meeting Room","P3W","11th_floor","3-6",2,"00107FA554D2",NULL,"online","2019-04-12 22:05:43.494+00","2019-04-12 22:05:43.494+00","00:55:04.975"
"86104","juvysfrf_1105","Receiver","DM-RMC-4K-SCALER-C_01","Sync_State","Connected","Presentation","2019-09-17 16:35:14.925+00","2019-09-17 17:20:17.944+00","juvysfrf_1105","Aviva_juvysfrf","Meeting Room","P3W","11th_floor","3-6",2,"00107FA554D2",NULL,"online","2019-04-12 22:05:43.494+00","2019-04-12 22:05:43.494+00","00:45:03.019"
"86563","juvysfrf_1105","Receiver","DM-RMC-4K-SCALER-C_01","Sync_State","Connected","Presentation","2019-09-17 19:15:29.624+00","2019-09-17 19:25:31.426+00","juvysfrf_1105","Aviva_juvysfrf","Meeting Room","P3W","11th_floor","3-6",2,"00107FA554D2",NULL,"online","2019-04-12 22:05:43.494+00","2019-04-12 22:05:43.494+00","00:10:01.802"
"86588","juvysfrf_1105","Receiver","DM-RMC-4K-SCALER-C_01","Sync_State","Connected","Presentation","2019-09-17 19:30:31.885+00","2019-09-17 19:35:32.046+00","juvysfrf_1105","Aviva_juvysfrf","Meeting Room","P3W","11th_floor","3-6",2,"00107FA554D2",NULL,"online","2019-04-12 22:05:43.494+00","2019-04-12 22:05:43.494+00","00:05:00.161"
"86547","juvysfrf_1105","Receiver","DM-RMC-4K-SCALER-C_01","Sync_State","Connected","Presentation","2019-09-17 19:10:28.96+00","2019-09-17 19:25:31.426+00","juvysfrf_1105","Aviva_juvysfrf","Meeting Room","P3W","11th_floor","3-6",2,"00107FA554D2",NULL,"online","2019-04-12 22:05:43.494+00","2019-04-12 22:05:43.494+00","00:15:02.466"
"86506","juvysfrf_1105","Receiver","DM-RMC-4K-SCALER-C_01","Sync_State","Connected","Presentation","2019-09-17 19:00:28.125+00","2019-09-17 19:35:32.046+00","juvysfrf_1105","Aviva_juvysfrf","Meeting Room","P3W","11th_floor","3-6",2,"00107FA554D2",NULL,"online","2019-04-12 22:05:43.494+00","2019-04-12 22:05:43.494+00","00:35:03.921"
"87083","juvysfrf_1105","Receiver","DM-RMC-4K-SCALER-C_01","Sync_State","Connected","Presentation","2019-09-18 14:02:20.627+00","2019-09-18 14:52:25.502+00","juvysfrf_1105","Aviva_juvysfrf","Meeting Room","P3W","11th_floor","3-6",2,"00107FA554D2",NULL,"online","2019-04-12 22:05:43.494+00","2019-04-12 22:05:43.494+00","00:50:04.875"
"87265","juvysfrf_1105","Receiver","DM-RMC-4K-SCALER-C_01","Sync_State","Connected","Presentation","2019-09-18 15:02:27.73+00","2019-09-18 15:32:28.932+00","juvysfrf_1105","Aviva_juvysfrf","Meeting Room","P3W","11th_floor","3-6",2,"00107FA554D2",NULL,"online","2019-04-12 22:05:43.494+00","2019-04-12 22:05:43.494+00","00:30:01.202"
"87390","juvysfrf_1105","Receiver","DM-RMC-4K-SCALER-C_01","Sync_State","Connected","Presentation","2019-09-18 15:37:29.239+00","2019-09-18 16:02:32.115+00","juvysfrf_1105","Aviva_juvysfrf","Meeting Room","P3W","11th_floor","3-6",2,"00107FA554D2",NULL,"online","2019-04-12 22:05:43.494+00","2019-04-12 22:05:43.494+00","00:25:02.876"
"87505","juvysfrf_1105","Receiver","DM-RMC-4K-SCALER-C_01","Sync_State","Connected","Presentation","2019-09-18 16:37:35.081+00","2019-09-18 17:02:37.24+00","juvysfrf_1105","Aviva_juvysfrf","Meeting Room","P3W","11th_floor","3-6",2,"00107FA554D2",NULL,"online","2019-04-12 22:05:43.494+00","2019-04-12 22:05:43.494+00","00:25:02.159"
"87588","juvysfrf_1105","Receiver","DM-RMC-4K-SCALER-C_01","Sync_State","Connected","Presentation","2019-09-18 17:17:39.614+00","2019-09-18 18:02:43.85+00","juvysfrf_1105","Aviva_juvysfrf","Meeting Room","P3W","11th_floor","3-6",2,"00107FA554D2",NULL,"online","2019-04-12 22:05:43.494+00","2019-04-12 22:05:43.494+00","00:45:04.236"
"87842","juvysfrf_1105","Receiver","DM-RMC-4K-SCALER-C_01","Sync_State","Connected","Presentation","2019-09-18 18:37:47.471+00","2019-09-18 18:47:48.019+00","juvysfrf_1105","Aviva_juvysfrf","Meeting Room","P3W","11th_floor","3-6",2,"00107FA554D2",NULL,"online","2019-04-12 22:05:43.494+00","2019-04-12 22:05:43.494+00","00:10:00.548"
"87893","juvysfrf_1105","Receiver","DM-RMC-4K-SCALER-C_01","Sync_State","Connected","Presentation","2019-09-18 19:02:49.99+00","2019-09-18 19:22:50.999+00","juvysfrf_1105","Aviva_juvysfrf","Meeting Room","P3W","11th_floor","3-6",2,"00107FA554D2",NULL,"online","2019-04-12 22:05:43.494+00","2019-04-12 22:05:43.494+00","00:20:01.009"
"87980","juvysfrf_1105","Receiver","DM-RMC-4K-SCALER-C_01","Sync_State","Connected","Presentation","2019-09-18 19:29:52.072+00","2019-09-18 19:52:54.894+00","juvysfrf_1105","Aviva_juvysfrf","Meeting Room","P3W","11th_floor","3-6",2,"00107FA554D2",NULL,"online","2019-04-12 22:05:43.494+00","2019-04-12 22:05:43.494+00","00:23:02.822"
"88063","juvysfrf_1105","Receiver","DM-RMC-4K-SCALER-C_01","Sync_State","Connected","Presentation","2019-09-18 20:02:56.333+00","2019-09-18 21:38:04.872+00","juvysfrf_1105","Aviva_juvysfrf","Meeting Room","P3W","11th_floor","3-6",2,"00107FA554D2",NULL,"online","2019-04-12 22:05:43.494+00","2019-04-12 22:05:43.494+00","01:35:08.539"
"88454","juvysfrf_1105","Receiver","DM-RMC-4K-SCALER-C_01","Sync_State","Connected","Presentation","2019-09-19 13:59:41.349+00","2019-10-04 14:34:44.613+00","juvysfrf_1105","Aviva_juvysfrf","Meeting Room","P3W","11th_floor","3-6",2,"00107FA554D2",NULL,"online","2019-04-12 22:05:43.494+00","2019-04-12 22:05:43.494+00","15 days 00:35:03.264"
"102451","juvysfrf_1105","Receiver","DM-RMC-4K-SCALER-C_01","Sync_State","Connected","Presentation","2019-10-04 13:49:43.796+00","2019-10-04 14:34:44.613+00","juvysfrf_1105","Aviva_juvysfrf","Meeting Room","P3W","11th_floor","3-6",2,"00107FA554D2",NULL,"online","2019-04-12 22:05:43.494+00","2019-04-12 22:05:43.494+00","00:45:00.817"
"102494","juvysfrf_1105","Receiver","DM-RMC-4K-SCALER-C_01","Sync_State","Connected","Presentation","2019-10-04 14:04:40.954+00","2019-10-04 14:34:44.613+00","juvysfrf_1105","Aviva_juvysfrf","Meeting Room","P3W","11th_floor","3-6",2,"00107FA554D2",NULL,"online","2019-04-12 22:05:43.494+00","2019-04-12 22:05:43.494+00","00:30:03.659"
